Country Name,Country Code,Series Name,Series Code,y1980,y1981,y1982,y1983,y1984,y1985,y1986,y1987,y1988,y1989,y1990,y1991,y1992,y1993,y1994,y1995,y1996,y1997,y1998,y1999,y2000,y2001,y2002,y2003,y2004,y2005,y2006,y2007,y2008,y2009,y2010,y2011,y2012,y2013
Afghanistan,AFG,Agriculture value added per worker (constant 2005 US$),EA.PRD.AGRI.KD,NA,NA,NA,NA,NA,NA,NA,NA,NA,NA,NA,NA,NA,NA,NA,NA,NA,NA,NA,NA,NA,NA,428.4081131,423.7780007,317.6776911,361.9951914,334.1738942,373.3440775,310.6483639,438.8039433,400.5067912,359.86716,413.0307151,403.8564638
Albania,ALB,Agriculture value added per worker (constant 2005 US$),EA.PRD.AGRI.KD,1218.318321,1221.029958,1210.732894,1299.928515,1227.15819,1273.493442,1293.320769,1207.881323,1092.985731,1221.390647,1234.180854,1273.942647,1547.389051,1742.351036,1927.917891,2234.358153,2350.096238,2178.243033,2321.074522,2356.417277,2486.286212,2544.710313,2573.004592,2515.17254,2593.290841,2607.298727,2696.685896,2769.496415,2985.144318,3069.442093,3301.764866,3462.02787,3630.314523,NA
Algeria,DZA,Agriculture value added per worker (constant 2005 US$),EA.PRD.AGRI.KD,1801.828178,1781.432233,1620.665956,1574.376254,1712.194185,1954.01908,1882.277019,2151.227268,1960.073347,2215.224646,2036.475709,2246.429643,2256.996818,2083.218428,1821.749104,2020.799128,2416.89823,2025.723853,2193.483927,2190.534971,2025.116589,2232.350613,2158.421794,2533.159766,2624.788851,2646.658883,2820.596225,2840.684774,2703.054051,3245.402966,3385.127019,3718.569463,NA,NA
American Samoa,ASM,Agriculture value added per worker (constant 2005 US$),EA.PRD.AGRI.KD,NA,NA,NA,NA,NA,NA,NA,NA,NA,NA,NA,NA,NA,NA,NA,NA,NA,NA,NA,NA,NA,NA,NA,NA,NA,NA,NA,NA,NA,NA,NA,NA,NA,NA
Andorra,ADO,Agriculture value added per worker (constant 2005 US$),EA.PRD.AGRI.KD,NA,NA,NA,NA,NA,NA,NA,NA,NA,NA,NA,NA,NA,NA,NA,NA,NA,NA,NA,NA,NA,NA,NA,NA,NA,NA,NA,NA,NA,NA,NA,NA,NA,NA
Angola,AGO,Agriculture value added per worker (constant 2005 US$),EA.PRD.AGRI.KD,NA,NA,NA,NA,NA,532.6497826,512.3108117,515.8482864,490.3297741,497.8716134,483.3425703,463.1179844,327.2647691,170.3467607,181.3733248,216.0982629,241.5189649,259.7045043,266.2259449,262.5293156,279.2035894,319.7290314,346.9270512,376.7468361,416.243713,472.0439779,503.0483893,617.4474625,610.0518668,757.6503748,780.4265718,831.0792144,866.7110815,904.4519132
Antigua and Barbuda,ATG,Agriculture value added per worker (constant 2005 US$),EA.PRD.AGRI.KD,2081.946213,1740.70089,1501.879126,1469.403363,1336.002922,1295.533125,1581.105712,1805.509665,1913.429123,2011.070537,2131.552049,2204.640359,2299.426761,2388.50314,2352.529987,2168.667206,2125.271022,2227.480456,2318.269841,2398.210181,1588.686338,1352.375384,1614.359397,1744.457201,1680.162576,2246.033247,2435.182588,2629.886648,2373.153599,1774.625117,2248.487023,2401.97974,2096.877015,NA
Argentina,ARG,Agriculture value added per worker (constant 2005 US$),EA.PRD.AGRI.KD,7036.960111,7117.216986,7375.928089,7347.992974,7306.14721,7125.57382,7076.959658,6830.901893,7317.083,6678.516041,7174.988561,7525.689064,7526.08126,7958.7406,8529.961688,8985.110812,8881.732491,8922.688392,9708.333089,9954.825391,9793.555623,9910.147333,9703.738414,10392.01743,10261.54445,11496.54209,12064.8495,NA,NA,NA,NA,NA,NA,NA
Armenia,ARM,Agriculture value added per worker (constant 2005 US$),EA.PRD.AGRI.KD,NA,NA,NA,NA,NA,NA,NA,NA,NA,NA,NA,NA,2190.32489,2234.475772,2453.755691,2676.389204,2855.121628,2842.682136,3295.885883,3435.905652,3476.228177,3989.863557,4218.679349,4449.715092,5190.993942,5885.431503,6027.622036,6691.360928,6982.194589,7543.633199,6420.493151,7470.797272,8294.935922,9082.717837
Aruba,ABW,Agriculture value added per worker (constant 2005 US$),EA.PRD.AGRI.KD,NA,NA,NA,NA,NA,NA,NA,NA,NA,NA,NA,NA,NA,NA,NA,NA,NA,NA,NA,NA,NA,NA,NA,NA,NA,1001.241465,NA,NA,NA,NA,NA,NA,NA,NA
Australia,AUS,Agriculture value added per worker (constant 2005 US$),EA.PRD.AGRI.KD,24303.57664,21306.7795,24791.96648,19415.99437,27696.30887,27501.80536,25128.18243,25229.42492,24416.82422,25165.3166,26995.27812,28860.72377,27627.44184,29399.28175,30684.86543,26130.86831,31872.52596,34881.43258,35093.56893,38767.83422,41208.34724,42908.01367,44220.64749,34875.97672,43876.77594,45121.16928,45929.31386,39100.11862,41482.51622,48441.27126,47792.78356,49467.61946,49960.93275,48580.24811
Austria,AUT,Agriculture value added per worker (constant 2005 US$),EA.PRD.AGRI.KD,10917.77983,10636.17232,11538.10512,11396.84357,11425.36467,11303.85986,11694.47518,11692.87374,12348.79705,12508.64515,13609.56435,13600.38189,13573.31761,13692.10133,14877.44847,15407.05188,16260.85642,17043.0922,18753.0151,20288.83525,20338.52894,20957.3678,20907.96493,21046.18518,23842.49743,24020.22857,24378.08311,27605.99005,30166.1584,29136.07951,29491.98987,34807.60271,33212.91916,34277.58501
Azerbaijan,AZE,Agriculture value added per worker (constant 2005 US$),EA.PRD.AGRI.KD,NA,NA,NA,NA,NA,NA,NA,NA,NA,NA,NA,NA,1014.914814,850.3722974,750.1561889,704.3533583,723.1660942,671.1235141,705.9880019,749.8056888,884.6800125,970.8931586,1020.584172,1064.906685,1104.99729,1180.925466,1193.881049,1202.871865,1261.920609,1295.183572,1245.416424,1312.810722,1085.129977,NA
"Bahamas, The",BHS,Agriculture value added per worker (constant 2005 US$),EA.PRD.AGRI.KD,NA,NA,NA,NA,NA,NA,NA,NA,NA,23333.26565,22919.04466,28463.40722,24585.29139,27137.12518,27419.62197,26755.83524,29072.63171,26572.15964,24104.69321,27472.12527,29844.32893,30332.89852,34442.47041,37595.77531,35030.58425,31553.6,28972.35342,26847.56539,27638.62105,28668.90402,29936.9693,33967.26705,30914.50987,NA
Bahrain,BHR,Agriculture value added per worker (constant 2005 US$),EA.PRD.AGRI.KD,NA,NA,NA,NA,NA,NA,NA,NA,NA,NA,NA,NA,NA,NA,NA,NA,NA,NA,NA,NA,NA,NA,NA,NA,NA,NA,NA,NA,NA,NA,NA,NA,NA,NA
Bangladesh,BGD,Agriculture value added per worker (constant 2005 US$),EA.PRD.AGRI.KD,238.9217482,240.5221201,237.1500218,240.8733676,246.9631179,242.1016194,244.4761336,239.3382283,232.823276,227.5357627,244.2824448,246.4806866,252.4515062,259.1126971,261.7492646,261.445316,270.0889101,284.1264639,291.1629316,303.2121068,324.2287452,331.223206,328.7303368,336.9470187,349.4464991,356.5547054,374.3111526,394.0401458,407.8761312,426.142854,450.1608478,475.0697629,491.8541245,504.7582598
Barbados,BRB,Agriculture value added per worker (constant 2005 US$),EA.PRD.AGRI.KD,8905.105853,7374.203878,7201.707881,7471.232877,8989.197652,8941.761252,9344.970646,8301.369863,7815.146771,7115.459883,8472.667971,8182.778865,8316.193738,7930.772994,7915.949119,7886.30137,10605.42354,10537.65725,9131.506849,9995.526978,10368.24154,10949.90215,10495.30333,10080.23483,9348.923679,12120,11432.17221,11693.07241,11693.07241,12025.1272,14112.32877,13222.89628,12778.18004,NA
Belarus,BLR,Agriculture value added per worker (constant 2005 US$),EA.PRD.AGRI.KD,NA,NA,NA,NA,NA,NA,NA,NA,NA,NA,NA,NA,2589.798019,2765.141914,2447.6968,2514.309787,2684.303363,2676.339502,2776.596074,2718.134965,3073.182966,3233.796622,3445.324718,3842.493972,4525.878377,4799.315636,5305.534053,5759.496166,6488.422253,6767.765492,7216.23286,8011.700983,8886.348171,8931.017662
Belgium,BEL,Agriculture value added per worker (constant 2005 US$),EA.PRD.AGRI.KD,NA,NA,NA,NA,NA,NA,NA,NA,NA,NA,NA,NA,NA,NA,NA,NA,NA,NA,NA,NA,39345.90722,39184.46898,41873.18221,39918.20559,42636.05979,38514.88364,43835.5479,44675.74784,47162.85133,48660.85173,52483.6603,53290.91918,56515.03037,59565.34643
Belize,BLZ,Agriculture value added per worker (constant 2005 US$),EA.PRD.AGRI.KD,2507.25078,2372.544709,2510.812101,2385.114454,2289.177456,2292.134998,2191.576944,2491.608361,2491.608361,2628.479223,2932.947033,2796.013103,3156.823382,3150.459485,3111.699505,2968.409603,3184.935152,3248.712424,3184.421534,3530.271038,3779.786871,3764.899959,3639.724547,5053.101732,5326.501811,5295.509819,4953.501752,3794.808649,4169.994056,4130.906057,4273.988495,4089.620385,4765.461545,NA
Benin,BEN,Agriculture value added per worker (constant 2005 US$),EA.PRD.AGRI.KD,589.5946858,536.3310141,536.4765176,526.8160762,614.7893397,658.9254948,679.4061342,596.0498294,645.9813288,660.2838272,639.8694032,657.4268716,628.5424404,677.1225226,683.9076026,709.9107691,737.7006386,771.9917349,802.8466791,840.2744094,865.4807493,906.2892883,913.0423966,917.4757909,959.3360825,936.8481242,974.5881923,1001.344539,1023.806765,1037.847031,1041.240933,NA,NA,NA
Bermuda,BMU,Agriculture value added per worker (constant 2005 US$),EA.PRD.AGRI.KD,NA,NA,NA,NA,NA,NA,NA,NA,NA,NA,NA,NA,NA,NA,NA,NA,25608.71419,26786.71504,27831.39693,32369.43973,31531.45339,30954.11176,33131.7236,34892.11233,38533.66489,39025,42444.21657,44174.41152,46568.86957,44232.05418,43823.06574,42054.44235,38509.87586,NA
Bhutan,BTN,Agriculture value added per worker (constant 2005 US$),EA.PRD.AGRI.KD,565.5382917,589.1882523,608.9270499,647.902803,672.4274551,691.6610722,707.3726427,716.5054925,748.2318374,776.3701796,817.1391052,830.5525595,862.0123321,900.7467718,940.9333343,968.6184022,988.4575798,1006.91649,990.4863803,955.4376188,947.2979635,921.2342089,871.1258853,820.2913692,773.4391933,731.6492958,710.3625008,677.6333353,654.2914776,649.3709423,630.3972621,630.8889163,634.7622798,629.196555
Bolivia,BOL,Agriculture value added per worker (constant 2005 US$),EA.PRD.AGRI.KD,622.7586086,594.5905275,618.2252258,523.8309848,588.5432771,620.544551,585.6661213,581.978453,595.4091549,576.8049692,593.7719314,641.0054342,603.8847789,619.3474979,651.8080883,652.2067534,673.3815218,632.5508911,593.286804,597.0532567,607.1103224,613.569052,601.6215204,638.4304858,624.3661973,639.1090192,649.3785361,631.4259908,633.8894256,643.2813042,622.4927943,628.7072041,641.4188999,NA
Bosnia and Herzegovina,BIH,Agriculture value added per worker (constant 2005 US$),EA.PRD.AGRI.KD,NA,NA,NA,NA,NA,NA,NA,NA,NA,NA,NA,NA,NA,NA,4898.868451,4529.840314,7556.479215,9108.276513,10021.21209,9643.63451,7468.145892,8143.677637,8553.712247,8530.827812,11758.14934,13940.07264,15374.51527,17743.22438,20262.28454,21783.98211,22894.56912,24692.6304,28182.96708,NA
Botswana,BWA,Agriculture value added per worker (constant 2005 US$),EA.PRD.AGRI.KD,755.6606755,719.8933036,671.1862998,572.7857733,519.1381352,537.3036746,551.8757681,717.092489,865.6558734,853.3655644,887.6073996,894.5023246,874.7538503,830.3412222,780.4355059,935.6105867,897.7051515,766.9012247,678.0681323,728.4656259,621.1287714,713.4785933,559.0990403,662.0232004,655.7829204,628.3064378,697.2690957,769.9123502,769.628627,802.931413,922.3183133,700.1690407,761.8685108,NA
Brazil,BRA,Agriculture value added per worker (constant 2005 US$),EA.PRD.AGRI.KD,1226.542852,1325.597694,1327.794517,1330.715838,1393.659462,1556.915274,1456.620207,1696.781806,1752.879711,1845.21493,1827.986386,1758.121758,1850.302416,1879.60682,2031.336103,2161.17597,2262.615393,2280.463921,2371.573613,2541.155953,2641.928632,2841.969974,3054.449507,3290.626345,3402.989753,3477.610594,3719.768269,3988.283653,4342.679798,4313.626655,4705.834866,5019.415144,5045.380343,5563.738694
Brunei Darussalam,BRN,Agriculture value added per worker (constant 2005 US$),EA.PRD.AGRI.KD,NA,NA,NA,NA,NA,NA,NA,NA,NA,20568.46208,21093.34182,21419.32563,21277.05079,22218.91502,22493.5308,23148.60787,23468.79968,52258.27449,54174.9383,60227.9242,64177.95165,67929.36777,71448.35311,79524.59617,89059.41142,90223.61812,81324.13023,77690.88539,80597.48126,85199.59138,80205.69636,83867.40161,NA,NA
Bulgaria,BGR,Agriculture value added per worker (constant 2005 US$),EA.PRD.AGRI.KD,3922.144291,4239.378077,4635.450194,4017.486648,4659.530923,3856.641713,5001.828453,4561.756257,5270.942816,5352.458016,5514.922465,6648.420668,6096.810857,4645.56712,5572.313778,6974.908236,4881.233219,7245.907478,8164.6706,9459.836081,9299.807187,9355.60603,10584.89736,11231.49888,12252.95817,11949.8214,12243.9435,9917.107718,13962.4496,13593.2909,13573.12021,14474.37539,16101.05169,NA
Burkina Faso,BFA,Agriculture value added per worker (constant 2005 US$),EA.PRD.AGRI.KD,196.4406405,207.9883692,209.1169585,204.9726443,197.9891565,206.82398,226.6453601,197.8737403,226.8223523,217.3245135,197.3820271,231.6982939,230.9603409,246.5251092,240.896646,249.0292581,272.4045617,254.4877774,288.2037651,283.7849393,265.1912066,309.4840305,316.7922203,328.7992945,307.4986355,328.9503578,331.16154,306.84015,355.6836533,312.2537206,334.3911235,307.7577479,360.7927026,NA
Burundi,BDI,Agriculture value added per worker (constant 2005 US$),EA.PRD.AGRI.KD,233.3216456,258.1098408,230.2851748,232.2557546,216.2169069,237.0716081,239.3783066,242.4221716,237.9984404,226.0784226,232.8506273,234.1313014,238.2583368,225.2444706,201.7301702,187.0231323,189.353889,195.7320283,199.3615974,195.9792842,183.0636674,172.8077794,174.8492408,162.9769986,156.8940393,141.509887,141.0236324,124.171182,117.9120535,118.2757779,120.2415381,123.4394543,128.5236563,NA
Cabo Verde,CPV,Agriculture value added per worker (constant 2005 US$),EA.PRD.AGRI.KD,810.8970015,778.6294275,606.7715763,574.3559102,593.0606669,750.2812348,803.4477111,1071.383418,1156.492436,1157.33165,1024.825389,952.0514399,907.1089457,1161.729465,1254.911378,1550.282013,1579.635923,1654.134003,1718.498486,2470.77495,2707.601739,2483.658947,2401.915047,2521.549178,2674.595845,2573.219583,2580.537568,NA,NA,NA,NA,NA,NA,NA
Cambodia,KHM,Agriculture value added per worker (constant 2005 US$),EA.PRD.AGRI.KD,NA,NA,NA,NA,NA,NA,NA,NA,NA,NA,NA,NA,NA,349.2981119,375.7009302,379.4049502,374.7806128,383.5794688,391.1050058,387.5686185,374.7845598,370.0204241,353.2911385,383.1363027,373.1986061,424.3737594,441.5177659,452.3552871,469.9647583,487.4325932,499.4739984,508.2094127,523.8418334,NA
Cameroon,CMR,Agriculture value added per worker (constant 2005 US$),EA.PRD.AGRI.KD,516.5823393,573.281917,588.8345999,534.8323307,573.2473071,613.4849319,636.0498425,624.6657543,533.3487762,557.84288,539.7373812,510.7008424,534.0090375,533.359439,543.1381264,583.3335194,619.2891004,657.7617709,694.3393127,734.0335647,760.2359652,788.1091348,813.7656067,840.7615103,867.5149006,887.1977139,911.6007141,NA,NA,NA,NA,NA,NA,NA
Canada,CAN,Agriculture value added per worker (constant 2005 US$),EA.PRD.AGRI.KD,NA,NA,NA,NA,NA,NA,NA,NA,NA,NA,NA,NA,NA,NA,NA,NA,NA,NA,NA,NA,NA,NA,NA,NA,NA,NA,NA,NA,NA,NA,NA,NA,NA,NA
Cayman Islands,CYM,Agriculture value added per worker (constant 2005 US$),EA.PRD.AGRI.KD,NA,NA,NA,NA,NA,NA,NA,NA,NA,NA,NA,NA,NA,NA,NA,NA,NA,NA,NA,NA,NA,NA,NA,NA,NA,NA,NA,NA,NA,NA,NA,NA,NA,NA
Central African Republic,CAF,Agriculture value added per worker (constant 2005 US$),EA.PRD.AGRI.KD,464.4397816,446.6720063,441.9191068,413.9013149,442.1161801,448.8558393,459.1882505,438.794557,442.2339927,437.6394216,429.7096563,433.2735589,430.6836162,434.113335,431.1616745,446.3154651,461.1544702,484.3070537,497.1250588,512.6286093,510.3254927,560.3425185,570.6372124,563.7243683,600.6416776,577.9358759,623.9418178,661.6954402,676.3352824,733.8827096,769.1259483,823.1299124,863.4428596,NA
Chad,TCD,Agriculture value added per worker (constant 2005 US$),EA.PRD.AGRI.KD,NA,NA,NA,NA,NA,NA,NA,NA,NA,NA,NA,NA,NA,NA,NA,NA,NA,NA,NA,NA,NA,NA,NA,NA,NA,1287.097338,1277.367683,1248.123802,1170.590727,1120.449402,1285.41584,1173.325151,1296.949609,NA
Channel Islands,CHI,Agriculture value added per worker (constant 2005 US$),EA.PRD.AGRI.KD,NA,NA,NA,NA,NA,NA,NA,NA,NA,NA,NA,NA,NA,NA,NA,NA,NA,NA,NA,NA,NA,NA,NA,NA,NA,NA,NA,NA,NA,NA,NA,NA,NA,NA
Chile,CHL,Agriculture value added per worker (constant 2005 US$),EA.PRD.AGRI.KD,2277.982934,2333.682312,2297.453775,2207.865909,2312.902273,2311.062644,2466.998114,2631.746657,2863.590003,2976.858137,3223.682601,3284.379071,3620.757395,3107.500894,3279.745155,3481.030669,3534.051907,3640.061911,3701.968555,3719.91227,4429.451422,4558.801929,4681.820024,4856.95973,5061.029678,5358.799709,5499.067202,5706.949748,6127.485205,5794.479907,5829.221855,6535.766453,6491.713293,6671.008632
China,CHN,Agriculture value added per worker (constant 2005 US$),EA.PRD.AGRI.KD,223.8602972,233.5283825,253.976654,267.6677242,294.1769306,292.0347808,294.4258615,301.1449172,302.1100842,305.2379186,321.8145511,326.1289986,338.9534786,352.8369354,365.1361423,381.803081,399.7833881,412.575186,426.0455135,437.103185,446.8417771,458.7248868,471.5681533,483.1986217,513.8118066,541.1091808,569.0807749,590.4304335,623.2459722,650.9175905,681.0422968,713.1312682,749.6116793,784.6735473
Colombia,COL,Agriculture value added per worker (constant 2005 US$),EA.PRD.AGRI.KD,2670.754526,2730.159208,2656.726159,2713.48993,2752.086835,2797.010533,2898.887281,3034.025824,3179.585274,3388.378086,3652.911529,3704.807443,3603.455149,3678.690002,2902.681996,3004.065565,2963.525362,2975.906421,2971.91597,2879.279979,2719.672056,2766.202516,2891.280143,2985.617248,3079.66857,3172.51122,3256.85034,3374.724253,3370.55016,3360.798822,3383.457651,3473.325682,3584.793507,3801.788901
Comoros,COM,Agriculture value added per worker (constant 2005 US$),EA.PRD.AGRI.KD,812.3421525,806.4462951,816.4736185,826.4018336,847.8215163,866.4298905,872.9683446,880.3238111,896.5681039,900.4946751,928.042703,911.5383562,892.1754354,886.1333376,827.1613605,882.7117761,863.895778,908.6933924,887.2805622,904.1335798,958.3653437,990.0768626,1012.047245,1017.01006,995.4639413,1012.550768,885.1132597,889.4308853,907.3253877,921.8173904,NA,NA,NA,NA
"Congo, Dem. Rep.",ZAR,Agriculture value added per worker (constant 2005 US$),EA.PRD.AGRI.KD,259.5990747,259.3063653,262.3006974,262.4498556,263.4590118,264.7246565,264.7424704,263.7626957,264.8998046,265.2755237,264.6935559,264.3728124,265.2963349,262.2860987,252.5672735,274.7872961,275.9228018,264.736213,257.4933657,259.8757994,226.3311265,219.006556,206.8415735,203.6531217,202.0671607,198.5493455,205.478984,208.1438172,210.1186697,212.2214308,NA,NA,NA,NA
"Congo, Rep.",COG,Agriculture value added per worker (constant 2005 US$),EA.PRD.AGRI.KD,400.6134149,411.9962668,424.1756122,437.9832024,425.5165844,423.5992504,426.0351425,463.5138115,486.3920892,499.0700801,502.4239568,449.6096338,474.3016368,423.4760696,406.4626634,421.0163343,418.0532473,419.6295113,423.2100597,391.0130484,404.8156853,434.6894928,470.1090627,499.5474915,522.5184881,542.3615345,568.2265645,594.3217423,623.8481774,600.4920338,634.4068417,685.0188837,NA,NA
Costa Rica,CRI,Agriculture value added per worker (constant 2005 US$),EA.PRD.AGRI.KD,2540.475173,2612.765423,2437.667006,2500.133879,2741.895307,2538.543291,2651.251675,2818.313836,2885.551985,2972.720986,3198.569071,3421.657272,3534.629496,3617.17718,3722.836428,3945.257786,4029.44182,4025.313192,4288.412747,4482.617875,4499.224719,4534.119398,4372.795405,4695.526955,4773.115099,4962.624214,5592.395457,5924.054964,5749.947055,5608.886351,6019.786053,6113.238313,6499.413201,6555.858775
Cote d'Ivoire,CIV,Agriculture value added per worker (constant 2005 US$),EA.PRD.AGRI.KD,1170.448751,1153.73372,1100.96783,949.0876102,966.6824566,792.4998223,895.1401598,863.8587923,894.906938,926.6656433,948.2813784,948.2174341,949.4521423,937.5934534,998.2187907,1028.711622,1057.880106,1063.448157,1117.605921,1090.387531,1214.747912,1218.676692,1195.125516,1222.959087,1282.055511,1305.418048,1331.601684,1357.711584,1371.689994,1428.28873,1467.587887,1545.010172,1591.76501,NA
Croatia,HRV,Agriculture value added per worker (constant 2005 US$),EA.PRD.AGRI.KD,NA,NA,NA,NA,NA,NA,NA,NA,NA,NA,NA,NA,NA,NA,NA,6638.824143,7231.390851,7921.297745,9160.669744,9526.893075,10442.14161,11579.84623,12919.63122,12819.76883,15055.43816,15993.986,18585.28384,19294.02238,21815.33144,22623.72872,22892.12563,23403.96779,23652.64163,25493.37368
Cuba,CUB,Agriculture value added per worker (constant 2005 US$),EA.PRD.AGRI.KD,2949.496188,3515.341098,3838.937502,4051.340697,4367.060989,4256.980386,4301.588803,4390.595907,4547.434558,4588.640504,4222.786309,3236.786772,2923.896418,2278.503178,2190.664233,2306.410597,2747.257542,2809.570174,2445.297896,2696.722111,3031.538525,3052.128346,3338.836435,3454.42188,3361.777525,2982.826748,2883.532576,3517.373787,3615.527092,3838.597092,4016.216686,4187.928013,NA,NA
Curacao,CUW,Agriculture value added per worker (constant 2005 US$),EA.PRD.AGRI.KD,NA,NA,NA,NA,NA,NA,NA,NA,NA,NA,NA,NA,NA,NA,NA,NA,NA,NA,NA,NA,NA,NA,NA,NA,NA,NA,NA,NA,NA,NA,NA,NA,NA,NA
Cyprus,CYP,Agriculture value added per worker (constant 2005 US$),EA.PRD.AGRI.KD,4027.214855,4101.161728,4336.748462,4469.154858,5098.661679,5316.051322,5628.433065,6118.207669,7151.525799,7806.815195,8338.442014,7224.903727,9338.384397,9904.13886,9022.919541,10731.40135,10799.24303,9578.40572,10478.5281,11953.65878,11734.08949,12192.20996,13134.69403,12199.31336,12202.31605,12178.40811,11281.37299,11249.82653,11380.30855,NA,NA,NA,NA,NA
Czech Republic,CZE,Agriculture value added per worker (constant 2005 US$),EA.PRD.AGRI.KD,NA,NA,NA,NA,NA,NA,NA,NA,NA,NA,NA,NA,NA,4828.354682,5826.762405,5336.410654,5099.996934,4876.870112,5309.239053,5584.012891,5871.303023,5936.592482,5954.392071,6514.85441,7526.731915,8044.178745,7758.830816,6222.787831,6852.012637,8895.868314,6712.215331,6765.673135,6680.677728,6228.302863
Denmark,DNK,Agriculture value added per worker (constant 2005 US$),EA.PRD.AGRI.KD,NA,NA,NA,NA,NA,NA,NA,NA,NA,NA,13033.4612,13484.3638,14317.37345,18691.44428,20798.932,22236.64271,23526.6665,24832.46085,26477.71648,26568.25492,30000.01791,32544.00375,31970.26006,33369.41893,33999.77939,32120.24563,30939.30539,31065.60196,29181.69524,31950.21504,32516.74612,31889.10808,31885.46864,30849.22068
Djibouti,DJI,Agriculture value added per worker (constant 2005 US$),EA.PRD.AGRI.KD,NA,NA,NA,NA,NA,NA,NA,NA,NA,NA,107.6115935,103.9835312,106.3463962,105.8082765,105.8065803,88.73693642,89.03844622,86.21693482,83.72245419,81.93097763,81.30222386,81.98201977,82.70400134,83.46948785,85.83922142,86.69427359,89.03634762,NA,NA,NA,NA,NA,NA,NA
Dominica,DMA,Agriculture value added per worker (constant 2005 US$),EA.PRD.AGRI.KD,3884.810272,4631.236699,4688.793932,4697.276051,4996.57366,4793.608682,6263.211445,6503.134225,6914.138306,5903.327274,6304.107373,6267.982637,7298.170549,7326.213471,7053.573948,6480.25198,6834.68336,6732.638281,6598.65543,6457.661848,6868.509678,6469.168135,6315.025623,6986.735505,6992.400661,6974.413765,7047.796552,6436.750819,7372.823255,7467.486477,6688.274721,7090.800691,7141.085624,NA
Dominican Republic,DOM,Agriculture value added per worker (constant 2005 US$),EA.PRD.AGRI.KD,2642.639259,2758.623445,2840.915693,2888.937034,2855.581749,2726.582607,2685.491953,2740.734637,2691.297206,2738.66825,2499.551469,2622.585369,2883.633062,2958.844927,2807.747806,3033.035503,3196.278904,3154.106177,3217.061848,3413.222769,3615.856651,4003.824754,4150.116707,4306.349579,4272.77011,4604.18471,5089.026148,5279.118483,5208.943237,5970.495385,6434.628188,6937.160758,7368.648066,7848.845052
Ecuador,ECU,Agriculture value added per worker (constant 2005 US$),EA.PRD.AGRI.KD,1342.407237,1503.629395,1637.692734,1319.253863,1473.169873,1547.043812,1697.563367,1742.598314,1791.527721,1888.304283,1945.559497,2081.659577,2133.404578,2093.644456,2180.068909,2234.055643,2352.648919,2465.187911,2385.777943,2590.441787,2605.578504,2710.309823,2746.943784,2918.917785,2978.848146,3181.371867,3313.092638,3434.701163,3497.620734,3566.282116,3601.423309,3806.957026,3867.634681,4123.681627
"Egypt, Arab Rep.",EGY,Agriculture value added per worker (constant 2005 US$),EA.PRD.AGRI.KD,935.2434294,926.6834204,938.7706866,937.2139271,966.3033533,1003.040816,1028.568033,1051.311342,1095.145205,1134.653951,1210.463125,1290.532803,1327.466826,1342.089777,1380.343721,1426.678168,1481.060246,1543.742496,1612.419387,1614.787831,1676.840685,1749.230844,1770.903894,1817.03662,1854.912938,1906.865368,1967.317073,2024.64673,2090.846389,2158.112501,2237.143611,2329.353409,2408.303787,2495.512104
El Salvador,SLV,Agriculture value added per worker (constant 2005 US$),EA.PRD.AGRI.KD,2550.824679,2279.11877,2096.648558,2141.820229,2203.181707,2155.654039,2054.326836,2075.089949,2041.275975,2017.349145,2132.765261,2169.856992,2213.228879,2131.112407,2056.505879,2146.310752,2217.955118,2238.788609,2210.233127,2418.570831,2381.60322,2357.780258,2411.727197,2403.19306,2525.342942,2678.913738,2862.850228,3145.648734,3278.720135,3221.12592,3361.134047,3317.737471,3468.116422,3489.065262
Equatorial Guinea,GNQ,Agriculture value added per worker (constant 2005 US$),EA.PRD.AGRI.KD,NA,NA,NA,NA,NA,NA,NA,NA,NA,NA,NA,NA,NA,NA,NA,NA,NA,NA,NA,NA,NA,NA,NA,NA,NA,NA,NA,NA,NA,NA,NA,NA,NA,NA
Eritrea,ERI,Agriculture value added per worker (constant 2005 US$),EA.PRD.AGRI.KD,NA,NA,NA,NA,NA,NA,NA,NA,NA,NA,NA,NA,NA,162.0194868,221.9102319,195.3396302,181.2098397,177.8741609,271.6012735,241.9557618,131.6971907,162.7652066,143.8102877,121.0778828,112.3989856,183.3413984,192.9629701,190.8229323,105.1266046,106.2389389,NA,NA,NA,NA
Estonia,EST,Agriculture value added per worker (constant 2005 US$),EA.PRD.AGRI.KD,NA,NA,NA,NA,NA,NA,NA,NA,NA,NA,NA,NA,NA,NA,NA,3336.239075,3562.858148,4382.88071,5697.400333,5221.714877,6343.780926,5838.088758,6042.246649,6621.659808,6348.855453,6318.77275,6546.056922,7570.263585,7757.761901,8036.629563,7147.602042,8408.064634,9772.866183,9596.287409
Ethiopia,ETH,Agriculture value added per worker (constant 2005 US$),EA.PRD.AGRI.KD,NA,NA,NA,NA,NA,NA,NA,NA,NA,NA,NA,NA,NA,179.8834682,169.1813289,169.3870389,191.5213425,189.1724929,165.7644828,166.3639145,166.0609448,176.4237734,167.8720323,145.8093834,165.5694659,182.6725297,198.4953297,210.9429508,221.0199448,229.3132075,235.3509606,250.6609662,257.1343994,NA
Faeroe Islands,FRO,Agriculture value added per worker (constant 2005 US$),EA.PRD.AGRI.KD,NA,NA,NA,NA,NA,NA,NA,NA,NA,NA,NA,NA,NA,NA,NA,NA,NA,NA,NA,NA,NA,NA,NA,NA,NA,NA,NA,NA,NA,NA,NA,NA,NA,NA
Fiji,FJI,Agriculture value added per worker (constant 2005 US$),EA.PRD.AGRI.KD,2768.912876,3064.525589,3026.091297,2384.573372,2944.235047,2471.938105,2919.124316,2727.654807,2644.406095,3093.258592,2901.759296,2878.699687,2931.797949,2929.500163,3196.202043,3043.149836,3152.863736,2804.690404,2581.346955,2933.034244,2872.747871,2709.232785,2836.549875,2736.114528,2877.670235,2902.206557,3047.173825,2897.914763,3016.201156,2605.074493,2497.292056,2763.391236,2778.364086,NA
Finland,FIN,Agriculture value added per worker (constant 2005 US$),EA.PRD.AGRI.KD,16566.48277,14997.14259,15932.18312,17436.51539,18755.33359,18695.06063,18379.64608,16009.70544,18592.34871,19097.10938,21916.97988,22307.7266,22859.16826,26069.21425,27668.84333,28126.07619,27896.85563,31299.13249,29006.87036,29852.22595,33148.48949,33564.77973,35145.23061,35873.9196,37171.47705,40273.36142,41963.04542,48935.79717,49938.46322,55416.63297,55384.36716,59431.68335,56998.42663,61209.87531
France,FRA,Agriculture value added per worker (constant 2005 US$),EA.PRD.AGRI.KD,12529.70738,12868.48302,15427.69249,14973.28394,16257.73392,17750.41157,18385.5848,19752.8998,20341.86272,21942.04777,24509.58612,23489.32666,27964.39629,27648.49971,29052.33042,31469.66179,34571.42794,36255.45075,38871.56905,42506.09151,43588.57348,44008.79385,48171.65834,41773.24016,52859.33097,52287.23944,54557.61524,56585.16949,61798.55328,68904.72659,68111.41069,75983.27101,75177.86817,76886.86095
French Polynesia,PYF,Agriculture value added per worker (constant 2005 US$),EA.PRD.AGRI.KD,NA,NA,NA,NA,NA,NA,NA,NA,NA,NA,NA,NA,NA,NA,NA,NA,NA,NA,NA,NA,NA,NA,NA,NA,NA,NA,NA,NA,NA,NA,NA,NA,NA,NA
Gabon,GAB,Agriculture value added per worker (constant 2005 US$),EA.PRD.AGRI.KD,1525.734831,1520.955488,1478.784819,1538.603148,1581.130056,1644.015291,1620.47,1588.614607,1747.634838,1591.021578,1572.415929,1578.440058,1665.519503,1728.897053,1754.460511,1723.381365,1739.450189,1823.078215,1848.02367,1859.625163,1966.884855,2045.339195,1957.029154,2005.779013,2049.853,2149.912118,2218.32861,2372.402896,2405.283663,2516.192695,2359.047394,2467.220157,2576.658635,NA
"Gambia, The",GMB,Agriculture value added per worker (constant 2005 US$),EA.PRD.AGRI.KD,447.3966928,344.8513595,390.4513249,488.7810617,460.6163854,403.9935636,376.4637539,349.4941119,328.3303507,326.1922143,307.2881175,300.4907491,283.5580302,263.2298961,272.3753862,258.624479,245.5635388,263.6340116,249.3857592,315.7501833,330.5852451,350.0142294,279.0511177,324.0255974,336.9379473,320.5651019,266.7633853,254.4096271,312.1889102,339.320373,366.6740909,226.1720927,248.924193,NA
Georgia,GEO,Agriculture value added per worker (constant 2005 US$),EA.PRD.AGRI.KD,NA,NA,NA,NA,NA,NA,NA,NA,NA,NA,NA,NA,2919.784256,2680.560089,2464.047745,1697.263657,1536.462596,1649.177849,1590.547534,1757.30639,1651.695424,1783.599971,1876.896287,2099.474361,2041.837703,2361.358721,2142.089307,2387.674183,2337.151197,2232.230492,2337.132022,2531.123447,2512.033021,NA
Germany,DEU,Agriculture value added per worker (constant 2005 US$),EA.PRD.AGRI.KD,NA,NA,NA,NA,NA,NA,NA,NA,NA,NA,NA,15746.85509,16347.76598,15224.90271,11612.16961,12439.76537,13397.92156,14051.27328,14276.14334,16315.40111,16588.54782,16619.59703,17301.14236,18769.68011,25995.78894,24372.0479,23975.97135,34199.66957,37926.36783,41310.38826,36716.2818,29754.55675,31640.77517,32862.74471
Ghana,GHA,Agriculture value added per worker (constant 2005 US$),EA.PRD.AGRI.KD,NA,NA,NA,NA,NA,NA,NA,NA,NA,NA,NA,NA,NA,NA,NA,NA,NA,NA,NA,NA,NA,NA,NA,NA,NA,751.9950572,NA,NA,NA,NA,NA,NA,NA,NA
Greece,GRC,Agriculture value added per worker (constant 2005 US$),EA.PRD.AGRI.KD,NA,NA,NA,NA,NA,NA,NA,NA,NA,NA,NA,NA,NA,NA,NA,NA,NA,NA,NA,NA,NA,NA,NA,NA,NA,14338.75777,12734.63988,11695.6093,12268.03357,13303.98548,14479.6789,14142.83838,14528.36645,15047.50937
Greenland,GRL,Agriculture value added per worker (constant 2005 US$),EA.PRD.AGRI.KD,NA,NA,NA,NA,NA,NA,NA,NA,NA,NA,NA,NA,NA,NA,NA,NA,NA,NA,NA,NA,NA,NA,NA,NA,NA,NA,NA,NA,NA,NA,NA,NA,NA,NA
Grenada,GRD,Agriculture value added per worker (constant 2005 US$),EA.PRD.AGRI.KD,3550.212152,3843.201244,3337.177959,3197.122733,3624.80095,3281.907122,3098.386482,3310.347456,3351.66643,3499.770807,3778.325088,3689.784429,3590.028619,3441.870581,3229.963269,3451.314918,3182.151312,3153.818301,3116.040953,3428.294347,3755.921876,3657.731814,3770.123066,3991.344007,3666.219677,2290.757462,2989.936099,3039.198738,3332.777539,3736.86434,3511.845786,3660.388777,3776.375864,NA
Guam,GUM,Agriculture value added per worker (constant 2005 US$),EA.PRD.AGRI.KD,NA,NA,NA,NA,NA,NA,NA,NA,NA,NA,NA,NA,NA,NA,NA,NA,NA,NA,NA,NA,NA,NA,NA,NA,NA,NA,NA,NA,NA,NA,NA,NA,NA,NA
Guatemala,GTM,Agriculture value added per worker (constant 2005 US$),EA.PRD.AGRI.KD,1597.552966,1584.298623,1502.810567,1444.832661,1437.156478,1408.932269,1367.407628,1390.56674,1421.867117,1435.629739,1477.330964,1517.022649,1559.181029,1594.628748,1639.156347,1706.9315,1767.227587,1842.952448,1946.515075,2033.18249,1944.763291,1848.48148,1840.821079,1793.104198,1782.826595,1785.082168,1772.708008,1850.030346,1834.489201,1871.328153,1832.232568,1885.863786,1937.555571,1984.906883
Guinea,GIN,Agriculture value added per worker (constant 2005 US$),EA.PRD.AGRI.KD,NA,NA,NA,NA,NA,NA,143.4921616,160.2001747,147.745656,151.0600818,149.9921992,147.6212405,144.9084987,142.6081772,141.5378521,140.2831897,142.2935194,148.6768655,153.5509722,161.9488058,164.9129791,172.6063486,177.7064791,181.6758825,185.084322,185.0709622,189.6215702,192.1985217,195.9377835,198.8217333,201.3108768,206.3766723,NA,NA
Guinea-Bissau,GNB,Agriculture value added per worker (constant 2005 US$),EA.PRD.AGRI.KD,NA,NA,NA,NA,NA,NA,NA,NA,NA,NA,NA,NA,NA,NA,NA,NA,NA,NA,NA,NA,NA,NA,NA,NA,NA,NA,NA,NA,NA,NA,NA,NA,NA,NA
Guyana,GUY,Agriculture value added per worker (constant 2005 US$),EA.PRD.AGRI.KD,2478.231752,2536.165233,2539.255817,2482.976596,2606.630587,2648.005675,2790.673593,2735.092979,2544.197927,2924.556069,2525.077076,2935.612992,3742.477382,3319.016638,3722.44865,4112.188041,4415.068746,4589.807615,4292.751538,4957.924165,4504.23871,4658.432524,4910.809388,4848.061977,4987.824023,4495.734362,4723.444385,4274.387194,4230.416385,4284.263069,4472.331586,4684.674166,4855.681766,NA
Haiti,HTI,Agriculture value added per worker (constant 2005 US$),EA.PRD.AGRI.KD,NA,NA,NA,NA,NA,NA,NA,NA,NA,NA,NA,NA,NA,NA,NA,NA,NA,NA,NA,NA,NA,NA,NA,NA,NA,NA,NA,NA,NA,NA,NA,NA,NA,NA
Honduras,HND,Agriculture value added per worker (constant 2005 US$),EA.PRD.AGRI.KD,969.6003885,986.6954419,1026.066921,954.3965733,1017.540343,1034.425383,1022.165526,1102.093342,1094.771187,1204.722227,1221.617035,1281.464869,1306.367423,1281.357499,1277.706908,1375.992055,1380.973631,1427.87219,1393.391182,1261.479347,1434.160815,1493.015323,1584.418662,1647.158871,1794.344629,1779.043124,1902.632107,2031.904712,2083.41689,2048.950917,2094.697196,2237.251685,2463.082182,2571.32042
"Hong Kong SAR, China",HKG,Agriculture value added per worker (constant 2005 US$),EA.PRD.AGRI.KD,NA,NA,NA,NA,NA,NA,NA,NA,NA,NA,NA,NA,NA,NA,NA,NA,NA,NA,NA,NA,NA,NA,NA,NA,NA,NA,NA,NA,NA,NA,NA,NA,NA,NA
Hungary,HUN,Agriculture value added per worker (constant 2005 US$),EA.PRD.AGRI.KD,3094.72554,3290.611089,3795.796287,3909.432405,4194.877221,4133.445575,4421.524644,4404.499166,4907.158919,4984.63069,4884.227002,4703.306181,4073.39129,4032.962882,4273.2245,4600.690113,5034.757364,5240.067526,5410.288183,5668.74709,5652.369828,6846.541152,6405.813663,6541.413714,10462.00876,10315.2962,9889.439668,8046.918783,12894.8392,11354.49361,9963.73657,NA,NA,NA
Iceland,ISL,Agriculture value added per worker (constant 2005 US$),EA.PRD.AGRI.KD,NA,NA,NA,NA,NA,NA,NA,NA,NA,NA,NA,NA,NA,NA,NA,NA,NA,60015.9017,56920.53876,55423.0241,58460.69752,59271.2937,60801.55157,58970.06416,66270.51134,65806.80786,63898.9342,62999.49485,62886.9121,65782.27965,60198.72862,68187.21645,70749.09347,NA
India,IND,Agriculture value added per worker (constant 2005 US$),EA.PRD.AGRI.KD,386.7692511,397.8561107,390.1023088,422.478523,422.1362587,416.569627,408.1524724,395.2240936,449.7754437,447.9984313,458.813776,442.6963056,464.7632184,472.7970335,487.4996103,478.3663383,519.6000001,500.379596,525.8389384,533.7665341,527.8850226,552.70172,510.0446673,549.7683041,544.5927111,564.847495,580.1633834,608.8239703,602.4190021,600.4339977,644.8296286,669.8202745,672.0945464,696.5613206
Indonesia,IDN,Agriculture value added per worker (constant 2005 US$),EA.PRD.AGRI.KD,559.9095525,574.407081,566.981017,567.305905,583.1132206,597.4990538,561.1183145,557.3886483,568.9058327,606.6150515,613.4118287,609.5513833,640.9526253,647.6692561,645.4841219,660.1247069,668.3721221,670.8651825,665.4805272,651.3392065,661.6435793,682.1866483,705.5261365,727.7229874,744.2582337,761.0457225,796.2948951,811.7959641,850.0476944,883.2626735,909.8106627,940.8936558,981.3771203,1017.547403
"Iran, Islamic Rep.",IRN,Agriculture value added per worker (constant 2005 US$),EA.PRD.AGRI.KD,1537.958581,1529.104619,1621.641108,1676.0884,1760.431174,1863.089809,1898.544932,1911.276709,1869.397875,1926.668517,2122.179667,2236.543941,2462.688528,2482.497642,2521.970464,2585.537566,2623.179881,2592.639303,2797.143479,2529.777301,2557.674769,2447.935678,2673.635114,2814.102211,2830.247287,3051.199478,3155.580555,3312.789237,NA,NA,NA,NA,NA,NA
Iraq,IRQ,Agriculture value added per worker (constant 2005 US$),EA.PRD.AGRI.KD,NA,NA,NA,NA,NA,NA,NA,NA,NA,NA,NA,NA,NA,NA,NA,NA,NA,NA,NA,NA,4968.285154,5133.377025,6133.842251,4460.32807,5356.051311,7182.306322,7651.979459,5652.993469,4994.633661,5257.026693,6260.871048,6487.91793,6734.468398,7625.822012
Ireland,IRL,Agriculture value added per worker (constant 2005 US$),EA.PRD.AGRI.KD,NA,NA,NA,NA,NA,NA,NA,NA,NA,NA,NA,NA,NA,NA,NA,NA,NA,NA,NA,NA,NA,NA,NA,NA,NA,19675.24285,NA,NA,NA,NA,NA,NA,NA,NA
Isle of Man,IMY,Agriculture value added per worker (constant 2005 US$),EA.PRD.AGRI.KD,NA,NA,NA,NA,NA,NA,NA,NA,NA,NA,NA,NA,NA,NA,NA,NA,NA,NA,NA,NA,NA,NA,NA,NA,NA,NA,NA,NA,NA,NA,NA,NA,NA,NA
Israel,ISR,Agriculture value added per worker (constant 2005 US$),EA.PRD.AGRI.KD,NA,NA,NA,NA,NA,NA,NA,NA,NA,NA,NA,NA,NA,NA,NA,NA,NA,NA,NA,NA,NA,NA,NA,NA,NA,NA,NA,NA,NA,NA,NA,NA,NA,NA
Italy,ITA,Agriculture value added per worker (constant 2005 US$),EA.PRD.AGRI.KD,NA,NA,NA,NA,NA,NA,NA,NA,NA,NA,13974.2075,15904.34144,16944.63429,18345.43511,19714.84541,21123.85654,22524.48216,24259.94926,25906.72742,28702.752,29217.79993,29596.56449,29891.70384,29601.7127,34502.34564,34699.65123,35699.59669,36932.94689,38960.63744,39533.32911,41136.60136,43202.99014,43233.94598,45402.37003
Jamaica,JAM,Agriculture value added per worker (constant 2005 US$),EA.PRD.AGRI.KD,1888.640949,1910.943411,1903.279284,1946.564401,1936.172103,1860.271986,1915.732507,2100.322782,2205.359906,2406.05476,2592.922853,2808.904809,2883.913035,2952.51215,3107.362026,3248.049893,3429.903614,3018.476382,2879.317117,3005.415944,2656.256645,2880.204251,2762.110775,3034.658821,2697.594252,2509.396938,3037.202718,2841.068072,2702.205048,3139.292002,3174.903086,3534.72356,3658.759204,NA
Japan,JPN,Agriculture value added per worker (constant 2005 US$),EA.PRD.AGRI.KD,NA,NA,NA,NA,NA,NA,NA,NA,NA,NA,NA,NA,NA,NA,17551.82421,17289.50752,19481.50421,20236.51159,21682.89906,23263.04379,25257.61864,24702.43111,28067.4394,27168.50728,26117.45377,27987.18037,29197.17144,33432.60295,38279.06923,37075.72918,39283.5282,42878.91869,46044.65574,NA
Jordan,JOR,Agriculture value added per worker (constant 2005 US$),EA.PRD.AGRI.KD,1958.452035,1723.024269,1688.933808,1521.900297,1614.282889,1717.411859,1809.231698,2144.146849,2812.751591,2036.898432,2539.653976,2627.976957,3476.172981,2495.419888,2065.052032,2067.485842,2155.803521,2018.698197,2353.957857,1705.0739,1857.69073,1923.095874,2423.448998,2732.059786,3037.79549,3019.592624,3384.856618,3486.603567,3754.254835,4273.10058,4568.494021,4833.287196,4460.969358,4423.746108
Kazakhstan,KAZ,Agriculture value added per worker (constant 2005 US$),EA.PRD.AGRI.KD,NA,NA,NA,NA,NA,NA,NA,NA,NA,NA,NA,NA,3304.862398,3162.03133,2572.406666,2004.440781,1965.852255,2011.922468,1684.454967,2103.916647,2084.384146,2484.064003,2595.548485,2692.555825,2733.143451,2970.208505,3190.087464,3451.16873,3255.923851,3710.236287,3307.364388,4222.784601,3532.513034,NA
Kenya,KEN,Agriculture value added per worker (constant 2005 US$),EA.PRD.AGRI.KD,411.3121429,420.8983816,436.5563534,429.4822027,400.3761456,402.1196386,407.4118176,409.9051312,413.830028,415.8087304,414.616626,396.7536714,369.444668,344.3203388,342.5379653,347.2623076,351.8897697,331.520224,349.5320403,364.7369517,351.6431076,383.4761072,361.501849,361.8788345,360.0902803,376.7831911,385.6813213,388.003387,364.9722158,343.1616626,364.66125,363.0159306,369.0733411,NA
Kiribati,KIR,Agriculture value added per worker (constant 2005 US$),EA.PRD.AGRI.KD,NA,NA,6889.272468,6776.587127,8981.439099,7204.00582,5876.986572,4899.823806,7236.608463,5517.310019,4376.610297,2068.696655,2280.519958,2294.631552,2299.544894,2509.233266,2154.298743,2052.937595,2238.044551,2280.75869,2191.932281,2246.096666,2148.472287,2125.849178,2246.794366,2086.868029,1969.173786,2244.05398,2412.682224,2381.986443,NA,NA,NA,NA
"Korea, Dem. Rep.",PRK,Agriculture value added per worker (constant 2005 US$),EA.PRD.AGRI.KD,NA,NA,NA,NA,NA,NA,NA,NA,NA,NA,NA,NA,NA,NA,NA,NA,NA,NA,NA,NA,NA,NA,NA,NA,NA,NA,NA,NA,NA,NA,NA,NA,NA,NA
"Korea, Rep.",KOR,Agriculture value added per worker (constant 2005 US$),EA.PRD.AGRI.KD,2821.965869,3465.833114,3710.806243,4120.210543,4299.540309,4605.636523,4993.020743,4937.151245,5659.334689,5896.141685,5936.009855,6275.593031,7143.341985,7033.566761,7304.052041,8000.99699,8535.196473,9289.110799,9431.448551,10506.35252,11115.6217,11889.01854,12180.14587,12301.97225,14015.85304,15014.5989,16111.85613,17820.55715,19924.53007,21774.51527,22076.20091,22960.48868,24151.49574,27097.05263
Kosovo,KSV,Agriculture value added per worker (constant 2005 US$),EA.PRD.AGRI.KD,NA,NA,NA,NA,NA,NA,NA,NA,NA,NA,NA,NA,NA,NA,NA,NA,NA,NA,NA,NA,NA,NA,NA,NA,NA,NA,NA,NA,NA,NA,NA,NA,NA,NA
Kuwait,KWT,Agriculture value added per worker (constant 2005 US$),EA.PRD.AGRI.KD,NA,NA,NA,NA,NA,NA,NA,NA,NA,NA,NA,NA,NA,NA,NA,NA,NA,NA,NA,NA,NA,NA,NA,NA,NA,NA,NA,NA,NA,NA,NA,NA,NA,NA
Kyrgyz Republic,KGZ,Agriculture value added per worker (constant 2005 US$),EA.PRD.AGRI.KD,NA,NA,NA,NA,NA,NA,NA,NA,NA,NA,NA,NA,900.7106205,834.7797177,774.0599762,765.4700293,883.3810972,991.6569015,1018.067053,1099.652331,1133.284178,1226.119639,1279.118891,1337.592166,1411.360895,1363.138855,1220.669624,1242.771102,1255.938937,1340.39662,1311.048339,1343.135452,1367.391807,NA
Lao PDR,LAO,Agriculture value added per worker (constant 2005 US$),EA.PRD.AGRI.KD,NA,NA,NA,NA,307.1233469,332.1157346,339.9496391,323.7270569,300.7590957,326.0484504,345.1924595,330.2674964,348.6605794,349.3866075,369.8418903,373.0579037,374.6388576,393.1490313,398.7042907,419.7825195,431.724956,437.9032875,445.0661938,446.4069121,450.6181712,447.3648971,455.066004,475.6370693,479.6420192,481.050314,482.5835694,473.7339144,475.7880581,NA
Latvia,LVA,Agriculture value added per worker (constant 2005 US$),EA.PRD.AGRI.KD,NA,NA,NA,NA,NA,NA,NA,NA,NA,NA,NA,NA,2700.53398,2344.786459,2143.941986,2668.300695,2639.264024,2927.700058,2923.384777,2946.3232,3484.357163,3762.02158,3928.258845,3924.872636,4121.094072,4621.493714,4381.510138,4850.75419,4945.157089,5204.638934,5466.612353,NA,NA,NA
Lebanon,LBN,Agriculture value added per worker (constant 2005 US$),EA.PRD.AGRI.KD,NA,NA,NA,NA,NA,NA,NA,NA,NA,NA,NA,NA,NA,NA,9770.192483,11301.52904,11185.06379,12498.59251,13365.08147,14483.47149,15403.77541,15954.20365,17163.7549,18091.0163,20159.88636,20366.63529,21304.77854,23096.41776,22516.76349,25298.35603,28272.16941,31380.27974,35524.41307,39594.91873
Lesotho,LSO,Agriculture value added per worker (constant 2005 US$),EA.PRD.AGRI.KD,535.5190293,546.4210694,442.7594631,444.1779529,427.765124,457.2133685,522.473902,436.38604,442.1090726,427.9199202,426.7789596,307.2972394,375.8324856,377.1832427,373.2507504,359.2697513,347.6215703,338.1766693,388.2075224,416.0186162,393.1573841,440.2223091,309.1055495,318.7854837,314.0571128,317.5819422,284.0417078,282.2158715,327.0041284,308.7765493,392.4440993,368.1431333,321.3439731,NA
Liberia,LBR,Agriculture value added per worker (constant 2005 US$),EA.PRD.AGRI.KD,NA,NA,NA,NA,NA,NA,NA,NA,NA,NA,NA,NA,NA,NA,NA,NA,NA,NA,NA,NA,573.6829396,700.1505651,914.1556571,542.7042842,451.6732167,474.7510736,486.7334163,531.2914301,581.7362532,637.660864,669.6019107,687.0970249,699.932667,NA
Libya,LBY,Agriculture value added per worker (constant 2005 US$),EA.PRD.AGRI.KD,NA,NA,NA,NA,NA,NA,NA,NA,NA,NA,NA,NA,NA,NA,NA,NA,NA,NA,NA,NA,NA,NA,NA,NA,NA,13389.31955,NA,NA,NA,NA,NA,NA,NA,NA
Liechtenstein,LIE,Agriculture value added per worker (constant 2005 US$),EA.PRD.AGRI.KD,NA,NA,NA,NA,NA,NA,NA,NA,NA,NA,NA,NA,NA,NA,NA,NA,NA,NA,NA,NA,NA,NA,NA,NA,NA,NA,NA,NA,NA,NA,NA,NA,NA,NA
Lithuania,LTU,Agriculture value added per worker (constant 2005 US$),EA.PRD.AGRI.KD,NA,NA,NA,NA,NA,NA,NA,NA,NA,NA,NA,NA,NA,NA,NA,3511.625405,4160.029619,4836.576566,4789.485487,4261.645393,4936.97406,4985.859861,5669.387732,6332.935246,6637.392116,7109.929297,6714.323146,8027.243946,8631.974794,9319.660225,9369.186294,NA,NA,NA
Luxembourg,LUX,Agriculture value added per worker (constant 2005 US$),EA.PRD.AGRI.KD,NA,NA,NA,NA,NA,NA,NA,NA,NA,NA,NA,NA,NA,NA,NA,NA,NA,NA,NA,NA,51329.40357,43992.19022,48966.57215,42966.22395,57537.01769,50033.99161,46510.47107,41784.80824,36644.61357,46344.65834,43069.8569,36686.06676,36230.08175,36437.34766
"Macao SAR, China",MAC,Agriculture value added per worker (constant 2005 US$),EA.PRD.AGRI.KD,NA,NA,NA,NA,NA,NA,NA,NA,NA,NA,NA,NA,NA,NA,NA,NA,NA,NA,NA,NA,NA,NA,NA,NA,NA,NA,NA,NA,NA,NA,NA,NA,NA,NA
"Macedonia, FYR",MKD,Agriculture value added per worker (constant 2005 US$),EA.PRD.AGRI.KD,NA,NA,NA,NA,NA,NA,NA,NA,NA,NA,NA,NA,4317.500523,3716.693068,4250.054138,4499.104179,4611.696209,4983.140135,5410.802263,5703.344691,6030.191718,5534.437223,5753.326659,6288.521201,7216.736773,7396.750347,7926.053251,8082.822892,8997.89788,9625.16713,10840.71703,11318.46995,11133.50052,11760.89584
Madagascar,MDG,Agriculture value added per worker (constant 2005 US$),EA.PRD.AGRI.KD,250.0983473,233.5118516,237.6446348,238.6133083,240.8680197,238.1651979,240.2153842,240.437999,239.8195739,246.1534256,244.9108461,239.8482855,237.6725885,239.066105,231.8109422,230.0323782,229.5830297,227.7185931,226.5054828,228.0393972,224.6346158,227.5896755,218.5996012,215.7757656,209.8320062,204.8280377,203.9283147,205.7713604,204.8475475,215.0507804,NA,NA,NA,NA
Malawi,MWI,Agriculture value added per worker (constant 2005 US$),EA.PRD.AGRI.KD,139.6247565,124.8631748,129.8976571,132.4543008,139.3201186,138.4288857,136.6576546,134.5972119,128.8518464,124.9582257,119.6321044,131.7832046,97.50078026,148.3510253,104.9397122,145.2532496,179.8325092,177.0370751,191.5899416,206.5618242,213.1649334,196.6372463,204.5281422,208.8169764,210.632137,190.6439984,185.7479684,200.863242,203.6700875,223.9107634,221.7094545,229.924691,216.4955267,221.0225858
Malaysia,MYS,Agriculture value added per worker (constant 2005 US$),EA.PRD.AGRI.KD,3311.23044,3492.560253,3749.75499,3761.084492,3906.976873,4004.852097,4193.033559,4513.110674,4673.893336,4883.65334,4811.658587,4879.373302,5243.983401,5116.789101,5051.762421,4955.213664,5204.854713,5265.133997,5144.452105,5205.709441,5485.249604,5517.540521,5731.930993,6148.68433,6523.306315,6792.169371,7305.709797,7511.312778,7925.694626,8060.525829,8397.10013,9038.260257,9290.511433,9687.395217
Maldives,MDV,Agriculture value added per worker (constant 2005 US$),EA.PRD.AGRI.KD,NA,NA,NA,NA,NA,NA,NA,NA,NA,NA,NA,NA,NA,NA,NA,NA,NA,NA,NA,NA,NA,2942.377426,3181.857502,3269.220502,3336.091977,3379.755435,3528.487141,3107.637708,3002.097816,2928.037552,2902.67355,3066.523438,3215.287802,NA
Mali,MLI,Agriculture value added per worker (constant 2005 US$),EA.PRD.AGRI.KD,553.7733492,487.0105989,430.4886332,424.5009317,421.1229087,398.6217469,491.8576394,508.4974264,512.2892009,612.4902898,597.5430453,556.9623909,631.0816031,565.7589865,591.0973731,593.7057683,600.7027039,616.2687117,621.3475616,664.1151517,581.1165956,633.1703161,594.4006616,681.0189373,631.5498631,662.1814349,681.9362668,680.6448328,752.7562418,777.0264376,845.4506365,794.5446602,842.0795942,NA
Malta,MLT,Agriculture value added per worker (constant 2005 US$),EA.PRD.AGRI.KD,8107.280209,9457.817162,10194.37353,12851.31032,15196.28474,15122.80574,17962.10679,21950.87176,21227.3197,27511.03761,35850.35651,36076.32586,34970.32129,36262.78538,35771.91384,37780.31651,40848.11926,40925.34895,44184.29315,42695.49055,39047.58145,67476.24773,69326.27799,72115.45452,67995.64123,67974.87495,70485.49114,66032.08024,54005.5694,57935.66598,56233.99481,NA,NA,NA
Marshall Islands,MHL,Agriculture value added per worker (constant 2005 US$),EA.PRD.AGRI.KD,NA,NA,NA,NA,NA,NA,NA,NA,NA,NA,NA,NA,NA,NA,NA,NA,NA,NA,NA,NA,NA,NA,NA,NA,NA,NA,NA,NA,NA,NA,NA,NA,NA,NA
Mauritania,MRT,Agriculture value added per worker (constant 2005 US$),EA.PRD.AGRI.KD,1367.758209,1482.816601,1497.038864,1714.746955,1392.077658,1423.037423,1541.803824,1628.584317,1677.575431,1700.090582,1591.872133,1655.483082,1652.677768,1761.878122,1426.024894,1734.401201,1830.039666,1385.15006,1003.761867,1048.003516,1010.485724,992.0970021,936.1710123,947.7539815,891.3253629,938.1147144,912.9547523,978.1702317,1030.665929,1009.305495,1052.848748,1001.04377,1109.499478,NA
Mauritius,MUS,Agriculture value added per worker (constant 2005 US$),EA.PRD.AGRI.KD,2259.727929,2783.082295,3391.167917,3044.246393,3133.794751,3564.149496,3990.705087,3977.108848,3875.203523,3722.960271,4406.90526,4337.185022,4670.625011,4396.222899,4198.987475,4773.871472,5119.757196,5466.616608,5508.221376,4168.093637,5666.664769,6161.817082,5074.631278,5324.043551,6267.781977,6034.910031,6181.120623,5980.458287,6399.710113,7120.355553,7354.591992,7820.687217,8155.144898,8938.594406
Mexico,MEX,Agriculture value added per worker (constant 2005 US$),EA.PRD.AGRI.KD,2574.235598,2709.941973,2640.265669,2678.797626,2735.204435,2819.931537,2723.395856,2740.690439,2618.745884,2588.36867,2712.156477,2742.060102,2681.321702,2663.062177,2768.544387,2765.240034,2891.51891,2853.267315,2900.741972,3036.078297,3110.60943,3226.943319,3234.552238,3370.648984,3477.52029,3344.149148,3555.171999,3733.706651,3825.788923,3774.42158,3850.100446,3808.930657,4136.924974,4202.786869
"Micronesia, Fed. Sts.",FSM,Agriculture value added per worker (constant 2005 US$),EA.PRD.AGRI.KD,NA,NA,NA,NA,NA,NA,NA,NA,NA,NA,NA,NA,NA,NA,NA,4129.745345,3974.187171,3638.146941,4170.570042,3853.376136,4429.930728,4281.063468,4366.621044,4498.79226,4119.98877,4292.307692,4315.805727,4503.790006,4495.957327,4456.793936,4862.135036,5082.755474,NA,NA
Moldova,MDA,Agriculture value added per worker (constant 2005 US$),EA.PRD.AGRI.KD,NA,NA,NA,NA,NA,NA,NA,NA,NA,NA,NA,NA,1763.135073,1214.689864,772.1342798,875.1041688,813.8987135,969.355759,969.7597703,998.2256549,1096.839007,1232.994296,1386.002164,1348.709337,1706.424175,1828.566685,1845.885066,1418.807203,2126.161449,1868.883084,2106.228213,2331.467735,1954.41315,2899.917325
Monaco,MCO,Agriculture value added per worker (constant 2005 US$),EA.PRD.AGRI.KD,NA,NA,NA,NA,NA,NA,NA,NA,NA,NA,NA,NA,NA,NA,NA,NA,NA,NA,NA,NA,NA,NA,NA,NA,NA,NA,NA,NA,NA,NA,NA,NA,NA,NA
Mongolia,MNG,Agriculture value added per worker (constant 2005 US$),EA.PRD.AGRI.KD,NA,1780.28298,1990.215543,2007.531136,1938.602883,2083.653116,2169.242333,1874.344783,1910.431287,2065.898471,2426.029556,2186.391841,2130.839085,2113.150283,2143.585118,2166.277036,2230.213864,2338.753419,2469.656515,2561.618591,2161.401478,1762.359266,1575.347846,1664.944523,1943.520086,2191.113176,2354.87364,2719.010155,2858.821403,2989.504841,2504.657753,2514.440062,3085.103645,3549.714858
Montenegro,MNE,Agriculture value added per worker (constant 2005 US$),EA.PRD.AGRI.KD,NA,NA,NA,NA,NA,NA,NA,NA,NA,NA,NA,NA,NA,NA,NA,NA,NA,NA,NA,NA,NA,NA,NA,NA,NA,NA,4617.851008,4820.61201,5480.474052,5957.988065,6059.658161,6903.226363,6082.718227,7636.38159
Morocco,MAR,Agriculture value added per worker (constant 2005 US$),EA.PRD.AGRI.KD,1498.580716,1054.451491,1411.493743,1259.221997,1301.187612,1535.988353,2091.066818,1590.233565,2081.830419,2171.3844,2060.535401,2494.653392,1564.82935,1485.682272,2386.307984,1330.351645,2350.557677,1714.871667,2175.833258,1842.439111,1662.346639,2096.783239,2231.539635,2639.894844,2733.283596,2446.119614,3014.996933,2465.563709,2903.345734,3808.693015,3779.662683,4021.174431,3736.614694,NA
Mozambique,MOZ,Agriculture value added per worker (constant 2005 US$),EA.PRD.AGRI.KD,NA,NA,NA,NA,120.3363437,116.5724461,113.8966542,148.3148045,158.2716012,166.403167,166.715659,155.9747444,121.0711952,142.3054317,134.6772787,149.7494925,158.3860236,168.260668,177.0236727,183.3938065,158.2089308,170.0694479,184.9546756,190.8805061,195.9453248,204.5917348,221.2167632,234.7612816,251.2087346,260.9923191,272.8119452,287.8501601,301.1385718,303.5716084
Myanmar,MMR,Agriculture value added per worker (constant 2005 US$),EA.PRD.AGRI.KD,NA,NA,NA,NA,NA,NA,NA,NA,NA,NA,NA,NA,NA,NA,NA,NA,NA,NA,NA,NA,NA,NA,NA,NA,NA,NA,NA,NA,NA,NA,NA,NA,NA,NA
Namibia,NAM,Agriculture value added per worker (constant 2005 US$),EA.PRD.AGRI.KD,1639.68433,1642.543645,1699.979639,1662.676266,1588.563272,1715.924918,1625.930754,1709.768875,1677.84299,1606.801637,1845.072354,2056.481655,1940.027978,2084.523781,2317.979691,2283.461452,2436.107345,2270.994441,2409.31758,2473.695947,2651.298257,2466.501387,2686.738383,2807.038805,2824.758963,2955.487077,2910.528115,2586.163504,2117.489796,2315.800223,2362.538874,2414.581977,2740.217548,2265.026048
Nepal,NPL,Agriculture value added per worker (constant 2005 US$),EA.PRD.AGRI.KD,210.0875705,227.0710241,232.8314017,225.8147918,242.9602819,243.5035028,245.154578,238.6259854,249.1801011,259.3096825,268.8184712,269.2640033,259.9237269,251.9715566,264.2354935,256.4146602,260.4649486,263.6422505,258.7921852,258.099225,262.9965555,266.1762491,264.8439045,263.887713,266.5104622,265.654144,260.3771229,256.167217,262.8903542,262.8799046,260.5007828,264.6828598,269.467953,265.3063964
Netherlands,NLD,Agriculture value added per worker (constant 2005 US$),EA.PRD.AGRI.KD,17052.66994,18466.40464,19311.11162,18746.50827,21133.15477,22222.34304,24703.49786,22625.54771,24322.63983,25890.71401,28110.4437,29185.43511,31042.57599,32568.18959,33859.47141,34755.60259,34404.50966,37445.24764,35677.23225,38281.40518,39841.45235,38738.77081,38791.24688,41455.79705,45033.60427,45924.5763,46288.21146,49136.49264,51316.7486,55079.30809,56286.66466,58495.04413,60397.86216,62991.91815
New Caledonia,NCL,Agriculture value added per worker (constant 2005 US$),EA.PRD.AGRI.KD,NA,NA,NA,NA,NA,NA,NA,NA,NA,NA,NA,NA,NA,NA,NA,NA,NA,NA,NA,NA,NA,NA,NA,NA,NA,NA,NA,NA,NA,NA,NA,NA,NA,NA
New Zealand,NZL,Agriculture value added per worker (constant 2005 US$),EA.PRD.AGRI.KD,17615.05335,17336.36188,17553.97279,15932.66266,16127.61055,18548.16509,17789.0801,19680.13746,19466.45112,18603.51842,21839.35261,22005.93734,19372.42913,22551.68063,22232.43386,23551.03007,25344.06963,25589.02767,24751.79772,25937.27191,26877.38765,26087.51981,25649.22884,28521.82457,27184.73314,28294.12837,28174.98677,24218.68551,26652.28337,26208.51495,24446.67937,27334.74252,26591.42301,27240.2076
Nicaragua,NIC,Agriculture value added per worker (constant 2005 US$),EA.PRD.AGRI.KD,NA,NA,NA,NA,NA,NA,NA,NA,NA,NA,NA,NA,NA,NA,1623.622102,1773.636499,1925.971448,1911.132962,1906.050421,2021.716726,2265.62114,2350.530542,2362.86183,2434.263788,2600.683825,2750.220799,2856.628796,3030.272669,3197.531645,3198.055783,3552.226403,3748.678302,3832.050388,NA
Niger,NER,Agriculture value added per worker (constant 2005 US$),EA.PRD.AGRI.KD,NA,NA,NA,NA,NA,NA,NA,NA,NA,NA,NA,NA,NA,NA,NA,NA,NA,NA,NA,NA,NA,NA,NA,NA,NA,233.1222544,NA,NA,NA,NA,NA,NA,NA,NA
Nigeria,NGA,Agriculture value added per worker (constant 2005 US$),EA.PRD.AGRI.KD,NA,709.4675797,725.8177122,720.262444,685.4051956,809.9423162,893.3839138,861.4061674,949.3856288,1000.164097,1044.183624,1083.803432,1107.839761,1125.128734,1155.186504,1199.908661,1252.617899,1309.671651,1366.936372,1443.060181,1489.023775,1550.299117,2410.843962,2584.401394,2752.578289,2952.536308,3177.047417,3409.688531,3626.303459,3840.440178,4063.062762,4178.129543,4452.435321,4575.373038
Northern Mariana Islands,MNP,Agriculture value added per worker (constant 2005 US$),EA.PRD.AGRI.KD,NA,NA,NA,NA,NA,NA,NA,NA,NA,NA,NA,NA,NA,NA,NA,NA,NA,NA,NA,NA,NA,NA,NA,NA,NA,NA,NA,NA,NA,NA,NA,NA,NA,NA
Norway,NOR,Agriculture value added per worker (constant 2005 US$),EA.PRD.AGRI.KD,15636.69289,16958.64921,17086.65042,16441.74248,18512.09173,16991.06995,15906.98785,16871.52584,17476.65244,18883.9305,20504.57422,23633.00568,23098.78983,27601.4871,28836.42818,31552.55117,31456.02828,31312.19458,32367.22733,33167.46852,33140.72036,33153.09042,36820.96199,37669.09869,42795.04396,43645.41203,45212.91588,48420.06,51596.90236,51939.80943,57288.2492,61245.58986,65248.69319,65908.33649
Oman,OMN,Agriculture value added per worker (constant 2005 US$),EA.PRD.AGRI.KD,NA,NA,NA,NA,NA,NA,NA,NA,NA,NA,NA,NA,NA,NA,NA,NA,NA,NA,NA,NA,NA,NA,NA,NA,NA,NA,NA,NA,NA,NA,NA,NA,NA,NA
Pakistan,PAK,Agriculture value added per worker (constant 2005 US$),EA.PRD.AGRI.KD,652.7941505,629.3571329,649.175141,682.927162,641.8080027,717.5094486,761.5030506,773.6322806,782.9133693,833.6362279,857.0740889,863.7199589,935.810881,882.1656845,908.5799897,984.5451296,1061.968624,1022.942066,1044.931774,1033.999765,1063.710591,1022.463574,1002.618412,1010.817461,1002.796127,1023.007708,1042.531987,1063.942923,1056.886104,1068.870273,1048.385605,1047.50931,1063.46567,1080.284215
Palau,PLW,Agriculture value added per worker (constant 2005 US$),EA.PRD.AGRI.KD,NA,NA,NA,NA,NA,NA,NA,NA,NA,NA,NA,NA,NA,NA,NA,NA,NA,NA,NA,NA,4203.13065,3911.30895,3938.27725,3960.47795,4096.43115,5114.4905,5356.50695,5075.6557,4833.50345,4103.90325,3870.0379,3870.38195,3873.40365,3857.1521
Panama,PAN,Agriculture value added per worker (constant 2005 US$),EA.PRD.AGRI.KD,2269.890536,2463.056415,2406.980065,2493.410297,2446.933766,2539.26477,2472.2514,2520.043032,2278.731611,2336.959927,2344.124053,2369.368466,2434.526925,2387.971731,2442.553809,2511.509567,2540.116707,2624.643776,2798.393864,2837.485971,3121.631639,3323.557416,3447.273728,3767.055017,3788.642143,3916.731518,4114.13873,4170.206271,4293.909727,3908.256503,3584.141395,3659.873164,3862.243969,4048.162348
Papua New Guinea,PNG,Agriculture value added per worker (constant 2005 US$),EA.PRD.AGRI.KD,NA,NA,NA,NA,NA,NA,NA,NA,NA,NA,NA,NA,NA,NA,NA,NA,NA,NA,NA,NA,NA,NA,NA,NA,NA,NA,NA,NA,NA,NA,NA,NA,NA,NA
Paraguay,PRY,Agriculture value added per worker (constant 2005 US$),EA.PRD.AGRI.KD,NA,NA,NA,NA,NA,NA,NA,NA,NA,NA,NA,1644.233782,1671.307949,1714.337059,1683.863028,1836.284809,1784.923915,1882.05823,1874.623624,1852.162145,1694.291873,1862.88076,1903.632792,2023.616887,2069.534394,2035.047702,2079.096165,2341.511812,2521.726348,2059.777602,2728.387043,2796.741758,2215.875698,3087.21877
Peru,PER,Agriculture value added per worker (constant 2005 US$),EA.PRD.AGRI.KD,1024.833859,1105.351253,1107.056205,995.6976548,1143.109189,1100.652371,1097.139871,1129.946389,1186.164219,1124.240904,1012.988076,1009.744876,921.2242755,980.3480093,1094.640133,1154.900471,1185.200469,1222.277731,1197.692809,1308.022845,1374.640153,1352.312329,1413.119054,1405.33052,1429.874125,1469.220194,1580.207148,1620.357182,1728.810679,1732.074367,1754.256821,1884.929652,1905.856182,1948.980046
Philippines,PHL,Agriculture value added per worker (constant 2005 US$),EA.PRD.AGRI.KD,885.9323258,900.496465,891.0553191,843.9087848,822.2259901,794.0079873,795.475199,796.7177637,813.0486319,834.529508,825.8647666,823.7385827,810.615293,820.5003226,830.1662124,813.810874,833.6284601,849.5787,778.376038,848.0160325,881.8757157,885.7531521,907.561014,939.8752649,976.6366633,1010.849697,1046.526219,1073.401006,1102.13253,1088.712394,1081.428803,1103.848967,1128.998107,NA
Poland,POL,Agriculture value added per worker (constant 2005 US$),EA.PRD.AGRI.KD,NA,NA,NA,NA,NA,NA,NA,NA,NA,NA,NA,NA,2222.179785,2414.069101,2123.956389,2425.908267,2533.910692,2602.958209,2759.894508,2843.804946,2755.909277,2995.497885,3129.814655,3290.785876,3586.953698,3604.781539,3627.353626,3591.387002,3627.792875,4069.379832,4110.755584,NA,NA,NA
Portugal,PRT,Agriculture value added per worker (constant 2005 US$),EA.PRD.AGRI.KD,NA,NA,NA,NA,NA,NA,NA,NA,NA,NA,NA,NA,NA,NA,NA,6878.607725,7316.791251,6723.501114,6619.397044,7132.637523,6927.352636,6797.918542,7151.20792,7165.882888,7831.166681,7558.870819,7950.445431,7826.60568,8330.963979,8273.609678,8696.288482,8872.114305,8893.997225,9313.069489
Puerto Rico,PRI,Agriculture value added per worker (constant 2005 US$),EA.PRD.AGRI.KD,9839.007581,9779.736459,10194.63438,10145.42813,9179.196876,9360.365214,10103.98438,11672.92604,11714.34613,12802.56406,12737.24484,13536.04427,13584.94299,13893.69169,13031.18125,12063.95457,14908.24893,18511.81563,18289.37723,15203.04483,24538.24781,16917.674,14106.52894,17411.48713,22537.84714,22695.45455,23928.60194,26885.38453,37802.95343,38932.22141,58499.40291,59147.55377,64933.50957,64704.24886
Qatar,QAT,Agriculture value added per worker (constant 2005 US$),EA.PRD.AGRI.KD,NA,NA,NA,NA,NA,NA,NA,NA,NA,NA,NA,NA,NA,NA,NA,NA,NA,NA,NA,NA,NA,NA,NA,NA,NA,NA,NA,NA,NA,NA,NA,NA,NA,NA
Romania,ROM,Agriculture value added per worker (constant 2005 US$),EA.PRD.AGRI.KD,1879.040842,1935.312147,2084.231942,2128.230024,2475.3506,2546.069652,2509.155592,2483.058143,2721.659911,2634.811829,3825.334887,3477.252007,3088.808643,3577.13274,3747.595366,3989.966492,4155.452081,4288.291843,4104.080955,4453.999006,3839.198395,5211.951883,5563.492643,6259.423906,8000.307938,7093.889173,7570.158569,7059.870936,9006.442738,9253.118364,9288.806986,11126.34116,9117.231436,NA
Russian Federation,RUS,Agriculture value added per worker (constant 2005 US$),EA.PRD.AGRI.KD,NA,NA,NA,NA,NA,NA,NA,NA,NA,NA,NA,NA,3651.29364,3617.697521,3289.094993,3130.060671,3071.94898,3235.744507,2701.066068,3252.48113,3724.977161,4228.66606,4446.315661,4467.65696,4628.716682,4726.738863,4996.950024,5084.829678,5517.618958,5725.129836,5151.294964,6031.339052,5968.588051,6323.615464
Rwanda,RWA,Agriculture value added per worker (constant 2005 US$),EA.PRD.AGRI.KD,247.6535643,237.5814921,252.7310315,257.2275366,227.7345281,225.8296003,223.7386899,210.0233866,213.9717932,201.1722874,197.4110665,217.3261591,245.2545515,220.7656634,160.0462631,210.3691969,241.4022907,230.6026934,229.6885026,227.3014038,227.6035503,235.9793728,267.0016903,253.3299526,253.1997374,263.003182,262.9787876,262.8166729,271.235465,283.6529148,289.3949862,293.1599105,292.6941036,293.3058017
Samoa,WSM,Agriculture value added per worker (constant 2005 US$),EA.PRD.AGRI.KD,NA,NA,NA,NA,NA,NA,NA,NA,NA,NA,NA,NA,NA,2459.45981,2548.457215,2871.380518,3090.964468,2889.170549,2691.21357,2726.125201,2727.66015,2768.172158,2765.280302,2718.907531,2582.029352,2871.591437,2750.255261,2937.40448,2975.225722,2654.125833,2584.979623,2582.792396,2460.854471,2371.700101
San Marino,SMR,Agriculture value added per worker (constant 2005 US$),EA.PRD.AGRI.KD,NA,NA,NA,NA,NA,NA,NA,NA,NA,NA,NA,NA,NA,NA,NA,NA,NA,NA,NA,NA,NA,NA,NA,NA,NA,NA,NA,NA,NA,NA,NA,NA,NA,NA
Sao Tome and Principe,STP,Agriculture value added per worker (constant 2005 US$),EA.PRD.AGRI.KD,NA,NA,NA,NA,NA,NA,NA,NA,NA,NA,NA,NA,NA,NA,NA,NA,NA,NA,NA,NA,NA,NA,NA,NA,NA,725.0752468,NA,NA,NA,NA,NA,NA,NA,NA
Saudi Arabia,SAU,Agriculture value added per worker (constant 2005 US$),EA.PRD.AGRI.KD,2709.573697,2754.303623,2806.278256,2927.702449,3427.795871,4016.70422,4701.341064,5607.099518,6534.788089,7418.831606,8297.641842,8791.872375,9597.262809,10225.96392,10341.95568,10850.65529,11339.1295,12294.25927,13060.7321,13887.04639,14933.35617,15226.00159,15469.04249,15716.34138,16407.99307,16953.70916,17633.79506,18559.17531,19607.23406,20729.94877,21440.57767,22929.11744,24308.96319,NA
Senegal,SEN,Agriculture value added per worker (constant 2005 US$),EA.PRD.AGRI.KD,419.9683558,474.5079511,504.4039639,372.7200422,406.1622984,467.2863458,478.6300162,493.6408997,407.0623307,452.4829491,399.7796408,413.5706503,379.1813088,398.594478,388.15573,414.0633534,389.543599,377.0098408,371.2281398,412.0630622,411.8756695,406.9799963,308.6225249,354.3127198,353.3645162,382.2807814,341.3746712,312.5203317,363.3177096,399.3812558,410.7899118,341.4619222,363.4676593,374.9729925
Serbia,SRB,Agriculture value added per worker (constant 2005 US$),EA.PRD.AGRI.KD,NA,NA,NA,NA,NA,NA,NA,NA,NA,NA,NA,NA,NA,NA,NA,NA,NA,NA,NA,NA,NA,NA,NA,NA,NA,NA,3405.121862,3273.689978,3711.839089,3903.956974,NA,NA,NA,NA
Seychelles,SYC,Agriculture value added per worker (constant 2005 US$),EA.PRD.AGRI.KD,1333.254513,1696.86938,1321.891548,1435.521194,1183.318229,1181.683812,1261.770266,1202.931238,1099.897563,1085.776196,1228.558904,1133.028462,967.0722289,894.6549637,962.5461498,892.3047552,932.6298288,973.9098961,973.3863886,1091.064444,1101.13038,1046.49414,1066.10715,945.4823114,957.7533319,1031.472404,976.2690535,951.5055733,995.6992079,831.4902432,779.8158482,807.1784853,776.7374621,NA
Sierra Leone,SLE,Agriculture value added per worker (constant 2005 US$),EA.PRD.AGRI.KD,443.6698576,454.1586004,463.4826622,467.9344913,545.9357274,504.7346711,495.5199509,513.0390351,503.4566644,492.3914926,732.9643475,763.5511019,526.7095964,517.4319834,552.5964384,502.9717833,478.7394419,625.5086714,672.7591963,706.0929276,747.9961342,454.5787598,579.3541066,610.4851736,641.2719852,665.4714308,689.4227011,767.9205148,807.2002125,829.3980935,847.5599462,875.497897,NA,NA
Singapore,SGP,Agriculture value added per worker (constant 2005 US$),EA.PRD.AGRI.KD,13724.4469,14121.6402,15143.65933,17158.04109,18952.04769,19880.05639,18930.51617,19063.15036,17992.69866,22056.89349,23622.95303,25996.30118,24537.32509,22764.85001,23343.61739,28094.33291,28983.58486,28546.49492,34766.23457,34545.17759,32877.20217,28757.50386,23833.96197,21844.44912,32766.67368,35087.772,35660.51055,35630.36641,33550.42117,34846.61893,35690.65468,37047.14071,37499.30272,36625.12284
Sint Maarten (Dutch part),SXM,Agriculture value added per worker (constant 2005 US$),EA.PRD.AGRI.KD,NA,NA,NA,NA,NA,NA,NA,NA,NA,NA,NA,NA,NA,NA,NA,NA,NA,NA,NA,NA,NA,NA,NA,NA,NA,NA,NA,NA,NA,NA,NA,NA,NA,NA
Slovak Republic,SVK,Agriculture value added per worker (constant 2005 US$),EA.PRD.AGRI.KD,NA,NA,NA,NA,NA,NA,NA,NA,NA,NA,NA,NA,NA,5025.211428,5676.071427,5572.501269,5427.903453,6341.204172,6368.940439,5911.292024,6128.039399,7048.843179,8632.524732,9250.653484,9219.494915,9163.864687,10113.63233,12548.8285,14474.05678,14789.93559,12734.78343,NA,NA,NA
Slovenia,SVN,Agriculture value added per worker (constant 2005 US$),EA.PRD.AGRI.KD,NA,NA,NA,NA,NA,NA,NA,NA,NA,NA,NA,NA,19400.16333,21770.11109,22692.38404,25204.76933,29252.50512,34497.36261,36749.16395,39574.37771,44324.38041,49216.70535,60180.77651,55074.40375,65753.39757,70796.23268,73763.60492,92149.59231,97276.19398,100140.902,112484.0659,NA,NA,NA
Solomon Islands,SLB,Agriculture value added per worker (constant 2005 US$),EA.PRD.AGRI.KD,NA,NA,NA,NA,NA,NA,NA,NA,NA,NA,852.8614108,900.381548,975.5367513,890.3294414,1011.767759,1112.275852,1026.970279,1028.330505,991.2794058,967.6526179,810.7751105,782.4781705,822.4062584,1068.708811,1052.904504,1051.54718,1084.225195,NA,NA,NA,NA,NA,NA,NA
Somalia,SOM,Agriculture value added per worker (constant 2005 US$),EA.PRD.AGRI.KD,NA,NA,NA,NA,NA,NA,NA,NA,NA,NA,NA,NA,NA,NA,NA,NA,NA,NA,NA,NA,NA,NA,NA,NA,NA,NA,NA,NA,NA,NA,NA,NA,NA,NA
South Africa,ZAF,Agriculture value added per worker (constant 2005 US$),EA.PRD.AGRI.KD,2644.549593,2780.082191,2526.517342,1938.577179,2149.105726,2575.278145,2753.292485,2838.824402,2939.953973,3390.955208,3160.672183,3320.360845,2418.284479,3002.568047,3250.969302,2621.0204,3282.880231,3353.432985,3219.131282,3465.854174,3688.355807,3627.088021,3931.342514,4028.396772,4211.994277,4385.860356,4257.410715,4438.808122,5284.65528,5338.749341,5508.226293,5666.834579,5952.328297,6268.890354
South Sudan,SSD,Agriculture value added per worker (constant 2005 US$),EA.PRD.AGRI.KD,NA,NA,NA,NA,NA,NA,NA,NA,NA,NA,NA,NA,NA,NA,NA,NA,NA,NA,NA,NA,NA,NA,NA,NA,NA,NA,NA,NA,NA,NA,NA,NA,NA,NA
Spain,ESP,Agriculture value added per worker (constant 2005 US$),EA.PRD.AGRI.KD,NA,NA,NA,NA,NA,NA,NA,NA,NA,NA,NA,NA,NA,NA,NA,15943.23069,19850.27036,22021.62553,23521.01154,24053.61679,26465.24027,27212.43401,27719.56181,27822.09876,27508.22858,25623.2271,27636.50997,30877.6289,31019.00534,31090.33875,32928.52291,36197.73038,33680.73011,35620.11579
Sri Lanka,LKA,Agriculture value added per worker (constant 2005 US$),EA.PRD.AGRI.KD,570.4736785,606.5814767,620.7427086,650.1169384,644.9953887,690.5054641,710.9768753,648.6589086,641.8712297,615.9722342,650.0194666,675.3982056,680.101562,708.2612726,719.7526604,770.3886494,724.0788315,740.4874977,711.3693561,760.8523146,778.309836,742.6936528,750.041271,750.6917721,741.0856355,755.5360964,789.6697383,800.9899894,855.0621907,877.5166934,934.5543169,945.4277243,993.4044726,1040.590244
St. Kitts and Nevis,KNA,Agriculture value added per worker (constant 2005 US$),EA.PRD.AGRI.KD,1564.991021,1643.707954,1655.023513,1364.262843,1433.63214,1374.59444,1371.150574,1399.193482,1478.402395,1718.24305,1430.434264,1631.531429,1633.376357,1724.39281,1665.355111,1573.108705,1730.542571,2088.458625,1844.928114,1678.884584,1295.819826,1495.661678,1846.393819,1880.158433,2148.468982,1818.260264,1181.737955,1219.776698,1288.978856,1152.26387,1130.869624,1206.735272,1216.624446,NA
St. Lucia,LCA,Agriculture value added per worker (constant 2005 US$),EA.PRD.AGRI.KD,3611.571131,3247.488823,3611.571131,3906.180057,4043.82093,4305.745279,5469.853499,4272.762213,5663.386491,5256.854032,5912.376305,5003.789839,6065.844572,5603.628936,5006.9588,5474.606941,5446.08629,4453.748705,4400.329072,3509.483131,2880.059831,2183.239177,2483.835564,2184.774744,2286.311889,1666.635788,1818.291389,1783.821892,2304.581213,2175.513816,1779.728635,1664.249797,1981.356853,NA
St. Martin (French part),MAF,Agriculture value added per worker (constant 2005 US$),EA.PRD.AGRI.KD,NA,NA,NA,NA,NA,NA,NA,NA,NA,NA,NA,NA,NA,NA,NA,NA,NA,NA,NA,NA,NA,NA,NA,NA,NA,NA,NA,NA,NA,NA,NA,NA,NA,NA
St. Vincent and the Grenadines,VCT,Agriculture value added per worker (constant 2005 US$),EA.PRD.AGRI.KD,1653.958158,2251.142368,2071.583602,2109.512869,2278.44606,2438.972942,2461.535476,2249.225729,3249.004901,3075.902181,3550.085274,2951.993183,3903.890018,3154.988739,2023.970266,3304.688294,3174.356875,2681.132753,2909.255507,2796.27471,2822.945256,2630.463846,2932.930146,2784.84463,2680.943537,2740.796989,2837.028498,3148.359754,3019.783723,3477.920946,2831.787699,2424.824581,2851.054166,NA
Sudan,SDN,Agriculture value added per worker (constant 2005 US$),EA.PRD.AGRI.KD,724.5811322,830.0033262,946.5948988,837.8447453,793.2825724,693.1150884,805.6189032,882.4401657,773.0913086,1027.754018,819.7994889,792.1812325,967.8993596,969.5467693,904.9935466,934.3103156,1085.540747,1266.013331,1289.861588,1277.10237,1217.364608,1260.161875,1284.34705,1267.889284,1223.41217,1236.115448,1258.948351,1216.736365,1237.0658,1207.978265,1175.411749,1147.934571,1682.518198,NA
Suriname,SUR,Agriculture value added per worker (constant 2005 US$),EA.PRD.AGRI.KD,3212.744563,3636.92112,3391.297531,3094.212891,3212.543303,3137.199641,3057.193717,3109.318846,2986.300571,2914.06941,2938.898835,3303.921302,3378.797706,3135.449394,3102.022429,2898.452207,2841.559511,2757.323557,2583.235919,2686.190974,2768.555017,3067.124676,2958.553891,2985.696587,2994.452296,2756.680088,2904.349764,3062.035421,2790.669407,3531.091908,3630.659454,3787.122741,4132.053169,NA
Swaziland,SWZ,Agriculture value added per worker (constant 2005 US$),EA.PRD.AGRI.KD,1195.994936,1191.625271,1039.383397,952.6648528,1135.518149,1105.964925,1275.404749,1132.90637,1039.101033,1210.238419,1173.411878,1242.261423,1007.556661,929.7872098,972.4495109,946.7789351,1069.8459,1082.070311,1073.044793,1159.368381,1168.406142,1077.594414,1142.737753,1215.134917,1197.098161,1270.373691,1257.319218,1290.412743,1289.473919,1286.524789,1329.07798,1373.189383,NA,NA
Sweden,SWE,Agriculture value added per worker (constant 2005 US$),EA.PRD.AGRI.KD,11088.24959,11514.57414,12733.10816,13693.40163,14511.87981,15059.38099,15341.83151,14872.32818,15044.89351,17032.72213,18553.97611,17913.78359,18391.68791,19703.66817,19727.93106,20341.22413,20756.49913,22087.69437,21706.83632,22785.36255,23703.31761,25362.36731,26849.6271,27743.33033,31150.53473,30065.50445,34359.26752,36931.43418,37967.64129,37353.24077,35827.10634,36636.22081,38065.63996,39998.87075
Switzerland,CHE,Agriculture value added per worker (constant 2005 US$),EA.PRD.AGRI.KD,NA,NA,NA,NA,NA,NA,NA,NA,NA,NA,20445.10449,18832.90307,19841.37516,19327.30222,18978.46364,20007.37605,20373.30906,20394.32221,21653.64375,21637.85809,24024.78346,22233.165,22781.53416,20776.09294,24126.57203,23728.81616,23722.68669,24911.95683,25839.4729,26739.76012,26438.92485,28400.72294,28132.35194,28451.31428
Syrian Arab Republic,SYR,Agriculture value added per worker (constant 2005 US$),EA.PRD.AGRI.KD,NA,NA,NA,NA,NA,NA,NA,NA,NA,NA,NA,NA,NA,NA,NA,NA,NA,NA,NA,NA,NA,NA,NA,NA,NA,4735.896106,NA,NA,NA,NA,NA,NA,NA,NA
Tajikistan,TJK,Agriculture value added per worker (constant 2005 US$),EA.PRD.AGRI.KD,NA,NA,NA,NA,NA,NA,NA,NA,NA,NA,NA,NA,541.0783449,538.6396385,527.1880122,478.3890683,419.3177814,438.1388924,458.6611109,467.3534663,517.9750904,531.328964,590.4262966,636.0046981,722.3520803,721.6776014,749.6083052,747.3523508,788.5044334,857.6120995,905.2655987,969.2582312,1064.594619,1166.584409
Tanzania,TZA,Agriculture value added per worker (constant 2005 US$),EA.PRD.AGRI.KD,NA,NA,NA,NA,NA,NA,NA,NA,NA,NA,224.5972432,225.4588434,221.1784604,221.0830335,219.2320189,225.9843132,229.2652706,229.9316495,229.7798451,234.7034743,240.7759239,248.2268828,255.6119216,258.6025183,268.3289163,274.3252258,278.7599442,283.1770002,289.1759447,291.1771052,295.3399559,297.5236418,301.7904479,305.8718663
Thailand,THA,Agriculture value added per worker (constant 2005 US$),EA.PRD.AGRI.KD,559.6391782,578.9032637,574.4238119,587.6081253,599.7904556,611.3445385,599.3649889,586.5669033,634.1303249,679.0313628,644.8339138,699.0640252,744.2027664,653.46827,695.8988321,718.008664,743.6135612,735.6077765,729.5495029,755.1314989,802.8414511,824.5283603,829.9780895,935.9187215,912.882967,896.573464,951.3788144,970.2123,1018.927162,1041.995493,1028.202804,1081.667453,1136.182088,1166.009791
Timor-Leste,TMP,Agriculture value added per worker (constant 2005 US$),EA.PRD.AGRI.KD,NA,NA,NA,NA,NA,NA,NA,NA,NA,NA,NA,NA,NA,NA,NA,NA,NA,NA,NA,NA,508.2832663,491.2696005,491.2795247,448.6769891,439.481976,435.2750809,443.4344609,412.179917,405.9815201,431.2080866,409.1651656,319.960621,NA,NA
Togo,TGO,Agriculture value added per worker (constant 2005 US$),EA.PRD.AGRI.KD,487.3402139,476.7265668,422.7961114,414.6891303,522.847934,545.9412857,539.1924458,526.2313437,559.7627471,576.6490423,582.1405864,567.3966384,567.5670171,596.4746467,585.5227684,606.5919846,689.6198834,700.076286,663.3249371,682.246777,635.83623,658.8733656,649.4471447,628.9898974,640.8201072,695.2057795,648.9345058,654.0855577,749.4070726,543.7268201,543.7817922,562.6448798,NA,NA
Tonga,TON,Agriculture value added per worker (constant 2005 US$),EA.PRD.AGRI.KD,3024.996907,2912.057847,3298.85254,2962.546317,3242.27172,3483.85275,3509.282332,3275.118263,2960.427185,3093.529856,2937.699496,3226.515975,3196.400666,3281.609327,3273.325152,3274.621048,3160.425123,3409.662984,3316.067987,3121.529075,3620.252014,3703.084621,3701.849227,3747.559299,3856.456701,3891.564789,3572.685212,3594.929774,3646.386169,3596.961401,3614.863768,3686.855962,3704.951086,NA
Trinidad and Tobago,TTO,Agriculture value added per worker (constant 2005 US$),EA.PRD.AGRI.KD,NA,NA,NA,NA,1369.90159,1526.249109,1537.416773,1605.353426,1715.479109,1854.151052,2060.436275,2128.062815,2014.141928,2138.14471,2255.56683,2182.163956,2346.701149,2419.291019,2194.076146,2559.631282,2499.054768,2771.338587,3012.738143,2552.98194,1679.862116,1589.149562,1428.645456,1776.342044,1911.34404,1318.988788,2332.158263,2380.130082,1967.844331,NA
Tunisia,TUN,Agriculture value added per worker (constant 2005 US$),EA.PRD.AGRI.KD,1940.061455,2066.799024,1856.358857,1905.588078,2156.97774,2542.600077,2249.524463,2735.648811,2048.044042,2299.84686,3020.171286,3352.835713,3473.51012,3240.730997,2867.866872,2540.434254,3241.304658,3287.870175,3306.308192,3640.296093,3602.439689,3495.859849,3125.207325,3662.604891,4137.133189,3790.387943,4059.617767,4077.552477,4021.307388,4369.584261,3955.040031,4347.508772,4512.488117,NA
Turkey,TUR,Agriculture value added per worker (constant 2005 US$),EA.PRD.AGRI.KD,3936.409394,3775.426086,3759.565057,3654.284963,3585.568184,3466.824799,3573.776231,3486.527364,3624.617889,3225.671273,3499.427203,3454.819796,3663.533328,3979.717193,3647.746423,3739.833796,3921.271354,3945.615481,4236.578967,3960.935558,4573.024298,4197.795773,4546.428181,4616.15354,4801.899969,5227.242792,5345.347337,5092.443248,5379.459978,5642.78987,5852.002773,6288.120208,6572.864917,6874.21991
Turkmenistan,TKM,Agriculture value added per worker (constant 2005 US$),EA.PRD.AGRI.KD,NA,NA,NA,NA,NA,NA,NA,NA,NA,NA,NA,NA,1653.271302,1737.362152,1513.585013,1383.280531,694.6566185,786.5487579,958.9946816,1178.138978,1354.239751,1644.729509,1628.341778,1614.861671,1908.855387,2275.477094,2796.171852,NA,NA,NA,NA,NA,NA,NA
Turks and Caicos Islands,TCA,Agriculture value added per worker (constant 2005 US$),EA.PRD.AGRI.KD,NA,NA,NA,NA,NA,NA,NA,NA,NA,NA,NA,NA,NA,NA,NA,NA,NA,NA,NA,NA,NA,NA,NA,NA,NA,NA,NA,NA,NA,NA,NA,NA,NA,NA
Tuvalu,TUV,Agriculture value added per worker (constant 2005 US$),EA.PRD.AGRI.KD,NA,NA,NA,NA,NA,NA,NA,NA,NA,NA,4456.726923,4317.167283,4236.369596,4273.095818,4296.967861,4324.512527,4588.206794,4590.043105,4510.898099,4459.848651,4370.971197,4294.904757,4213.028276,4223.359143,4412.877396,4452.196068,5002.774652,5058.522256,5095.178214,5267.003019,6026.086824,6047.469466,5666.400232,NA
Uganda,UGA,Agriculture value added per worker (constant 2005 US$),EA.PRD.AGRI.KD,NA,NA,213.1261552,220.5169995,207.8637421,194.709989,193.1846844,190.828959,194.8586982,200.3874716,204.5244836,204.6780058,197.3662775,210.4026312,208.9841148,216.3343231,220.6947389,218.4894996,217.7748209,225.5548844,219.5254679,231.0380967,241.1332624,239.8447561,237.2093452,235.635242,230.4219873,224.1015034,220.9109689,221.1224344,220.283751,216.9623944,212.9889629,210.6529683
Ukraine,UKR,Agriculture value added per worker (constant 2005 US$),EA.PRD.AGRI.KD,NA,NA,NA,NA,NA,NA,NA,NA,NA,NA,NA,NA,1759.865753,1922.587607,1788.797242,1779.757046,1639.783601,1662.012082,1511.765367,1707.39405,1965.689926,2227.71443,2353.814734,2199.729854,2723.880111,2786.940197,2948.927904,2888.267109,3471.321411,3508.460368,3574.833107,4418.383442,4374.587391,NA
United Arab Emirates,ARE,Agriculture value added per worker (constant 2005 US$),EA.PRD.AGRI.KD,NA,NA,NA,NA,NA,NA,NA,NA,NA,NA,NA,NA,NA,NA,NA,NA,NA,NA,NA,NA,NA,30439.43417,31416.69437,30097.41805,28235.46404,25458.12176,21125.40683,18525.88956,15029.02206,14026.75916,12126.61052,12146.41984,NA,NA
United Kingdom,GBR,Agriculture value added per worker (constant 2005 US$),EA.PRD.AGRI.KD,NA,NA,NA,NA,NA,NA,NA,NA,NA,NA,19007.95255,20288.71533,21777.84304,20702.8597,20930.19432,20986.15443,20792.97184,21868.85716,22627.83182,23668.93149,23567.18262,22082.16975,25130.73289,24365.40061,24509.52449,26139.63104,25393.80003,24774.04433,27474.62696,25842.66669,25922.86442,29023.77873,28439.38465,27723.58491
United States,USA,Agriculture value added per worker (constant 2005 US$),EA.PRD.AGRI.KD,13206.87658,16202.84686,16560.82501,13894.04374,16350.19346,18972.8144,19234.91034,19960.83329,18040.9691,19220.90574,20283.97369,21202.06256,23410.65739,23237.41903,25113.69499,22989.46484,24718.91064,27627.53108,29369.31283,33715.74251,38640.7767,38054.2687,37212.44926,42772.9636,44904.4586,51062.29744,49378.20044,45001.87196,49847.0948,57767.36924,57194.10124,49816.70061,NA,NA
Uruguay,URY,Agriculture value added per worker (constant 2005 US$),EA.PRD.AGRI.KD,NA,NA,NA,5240.656878,4568.211818,5168.582678,5039.037524,5296.948218,5366.050102,5608.099663,5474.793159,5315.421025,5871.205871,5611.383208,6178.862593,6451.833885,7092.604482,7240.052855,7551.476937,7202.628093,6966.717067,6403.876475,6564.767606,7227.199554,7850.338779,8176.809411,8683.501133,7926.280979,8137.331992,8657.545224,8408.849267,9390.668571,10414.54434,10974.6785
Uzbekistan,UZB,Agriculture value added per worker (constant 2005 US$),EA.PRD.AGRI.KD,NA,NA,NA,NA,NA,NA,NA,NA,NA,NA,NA,NA,895.5548397,912.9062148,890.5918534,910.2046494,854.5955652,893.2303509,922.2988654,964.814119,989.2374471,1025.886554,1086.202614,1160.064392,1272.405694,1345.702581,1422.713057,1494.386777,1556.440277,1643.335493,1757.677622,1880.636792,2024.299472,NA
Vanuatu,VUT,Agriculture value added per worker (constant 2005 US$),EA.PRD.AGRI.KD,1634.922902,1923.855987,1698.781511,2434.17283,2590.130026,2319.040468,2156.572687,1963.520656,1885.144832,1888.499867,2223.453391,2029.658852,1876.202802,2019.754313,2045.223129,2056.823982,2156.263309,2256.450301,2450.095307,2339.075363,2374.259023,2367.099654,2331.193623,2418.439663,2456.595559,2513.597777,2479.263108,2496.921452,2561.011783,2509.966057,2630.628645,2714.40046,2775.47447,NA
"Venezuela, RB",VEN,Agriculture value added per worker (constant 2005 US$),EA.PRD.AGRI.KD,4378.491377,4185.703442,4220.336281,4078.453892,4271.503799,4531.388586,4812.255101,4912.274659,5054.078676,4694.003486,4542.688873,4692.524945,4826.701297,4996.168551,4952.676622,4949.22609,5070.638869,5047.64274,5255.852289,5367.194469,5789.156496,5958.51255,5932.977817,5892.100176,6252.244712,6965.013045,7138.775485,7381.743055,7741.560469,7936.154763,8142.263451,8607.771711,9210.48905,NA
Vietnam,VNM,Agriculture value added per worker (constant 2005 US$),EA.PRD.AGRI.KD,NA,NA,NA,NA,NA,260.8485809,262.1862249,253.4107287,257.1242967,269.7488314,266.4758237,266.9885621,279.883222,283.6353894,287.8899755,296.5498191,304.6064571,317.6012315,325.3655132,337.0620786,353.2530206,354.5651679,365.9399415,374.5495852,388.0895718,398.9958458,408.5949251,419.8966766,434.0417988,437.0175575,446.3886883,459.6624083,467.6873842,476.2537611
Virgin Islands (U.S.),VIR,Agriculture value added per worker (constant 2005 US$),EA.PRD.AGRI.KD,NA,NA,NA,NA,NA,NA,NA,NA,NA,NA,NA,NA,NA,NA,NA,NA,NA,NA,NA,NA,NA,NA,NA,NA,NA,NA,NA,NA,NA,NA,NA,NA,NA,NA
West Bank and Gaza,WBG,Agriculture value added per worker (constant 2005 US$),EA.PRD.AGRI.KD,NA,NA,NA,NA,NA,NA,NA,NA,NA,NA,NA,NA,NA,NA,2062.749991,2112.798402,2613.837179,2520.067545,3056.690031,3212.71604,2778.593565,2373.105819,1880.462734,2238.813749,2670.247399,2166.921977,2227.889727,2173.626672,2161.752645,2487.941193,2332.973674,2988.327658,2834.406405,NA
"Yemen, Rep.",YEM,Agriculture value added per worker (constant 2005 US$),EA.PRD.AGRI.KD,NA,NA,NA,NA,NA,NA,NA,NA,NA,NA,NA,NA,NA,NA,NA,NA,NA,NA,NA,NA,NA,NA,NA,NA,NA,823.8385359,NA,NA,NA,NA,NA,NA,NA,NA
Zambia,ZMB,Agriculture value added per worker (constant 2005 US$),EA.PRD.AGRI.KD,560.6919799,587.8182383,500.1857385,522.0028233,530.9219126,524.9318726,545.472451,510.1095996,583.0459211,544.5299553,477.6781505,487.8471988,320.4695539,528.736444,422.0172869,552.8836674,538.6201133,500.9489478,497.9513288,538.5776127,537.9641259,516.4844705,500.8882313,519.3388639,533.4182428,522.3146603,524.9463745,515.9469945,517.5778405,542.0857777,563.8278525,593.6175924,619.0293386,557.6653097
Zimbabwe,ZWE,Agriculture value added per worker (constant 2005 US$),EA.PRD.AGRI.KD,399.4026557,440.6650607,394.5275501,320.3881656,380.1678077,453.360786,401.3702087,371.0766975,368.1988091,367.484778,398.7262063,391.9286981,294.251579,366.4099911,385.6951819,350.5248697,413.1228023,420.1772917,442.8733911,466.3309213,474.2024846,541.0873947,412.742928,353.4382862,324.3400421,310.8403455,301.0617646,282.6822191,172.4178367,210.4330077,224.3967612,224.8819025,234.3908198,226.6380312
,,,,,,,,,,,,,,,,,,,,,,,,,,,,,,,,,,,,,
,,,,,,,,,,,,,,,,,,,,,,,,,,,,,,,,,,,,,
,,,,,,,,,,,,,,,,,,,,,,,,,,,,,,,,,,,,,
,,Data from database: World Development Indicators,,,,,,,,,,,,,,,,,,,,,,,,,,,,,,,,,,,
,,Last Updated: 09/24/2014,,,,,,,,,,,,,,,,,,,,,,,,,,,,,,,,,,,
